<?xml version="1.0"?>
<CCO path="c:\datacap\aptiqc\batches\20190521.000007\TM000002.cco">
	<L l="431" t="84" b="102" r="652" i="1"><W l="431" t="85" r="479" b="102" x="1" y="1">Apple</W>
		<W l="486" t="88" r="504" b="98" x="2" y="1">or</W>
		<W l="509" t="87" r="597" b="98" x="3" y="1">successor</W>
		<W l="603" t="84" r="616" b="98" x="4" y="1">in</W>
		<W l="623" t="84" r="652" b="98" x="5" y="1">title</W>
	</L><L l="431" t="128" b="147" r="569" i="2"><W l="431" t="128" r="485" b="143" x="1" y="2">Terms</W>
		<W l="492" t="128" r="509" b="143" x="2" y="2">of</W>
		<W l="514" t="128" r="569" b="147" x="3" y="2">supply</W>
	</L><L l="431" t="173" b="193" r="2036" i="3"><W l="431" t="174" r="463" b="189" x="1" y="3">The</W>
		<W l="470" t="173" r="544" b="193" x="2" y="3">following</W>
		<W l="552" t="175" r="600" b="189" x="3" y="3">terms</W>
		<W l="608" t="174" r="646" b="189" x="4" y="3">shall</W>
		<W l="654" t="174" r="701" b="193" x="5" y="3">apply</W>
		<W l="707" t="175" r="722" b="188" x="6" y="3">to</W>
		<W l="730" t="173" r="756" b="189" x="7" y="3">the</W>
		<W l="764" t="173" r="842" b="193" x="8" y="3">purchase</W>
		<W l="850" t="173" r="867" b="188" x="9" y="3">of</W>
		<W l="873" t="173" r="949" b="188" x="10" y="3">Products</W>
		<W l="957" t="173" r="977" b="192" x="11" y="3">by</W>
		<W l="983" t="173" r="1008" b="189" x="12" y="3">the</W>
		<W l="1016" t="174" r="1106" b="189" x="13" y="3">Purchaser</W>
		<W l="1111" t="175" r="1126" b="189" x="14" y="3">to</W>
		<W l="1133" t="174" r="1159" b="189" x="15" y="3">the</W>
		<W l="1167" t="175" r="1220" b="189" x="16" y="3">extent</W>
		<W l="1226" t="174" r="1258" b="189" x="17" y="3">that</W>
		<W l="1265" t="174" r="1302" b="193" x="18" y="3">they</W>
		<W l="1308" t="178" r="1335" b="189" x="19" y="3">are</W>
		<W l="1344" t="175" r="1370" b="189" x="20" y="3">not</W>
		<W l="1378" t="174" r="1479" b="189" x="21" y="3">inconsistent</W>
		<W l="1486" t="174" r="1520" b="188" x="22" y="3">with</W>
		<W l="1527" t="174" r="1553" b="188" x="23" y="3">the</W>
		<W l="1560" t="174" r="1608" b="188" x="24" y="3">terms</W>
		<W l="1616" t="173" r="1632" b="188" x="25" y="3">of</W>
		<W l="1638" t="177" r="1670" b="192" x="26" y="3">any</W>
		<W l="1676" t="174" r="1720" b="188" x="27" y="3">other</W>
		<W l="1726" t="174" r="1783" b="193" x="28" y="3">supply</W>
		<W l="1789" t="174" r="1884" b="193" x="29" y="3">agreement</W>
		<W l="1890" t="174" r="1955" b="192" x="30" y="3">existing</W>
		<W l="1963" t="174" r="2036" b="188" x="31" y="3">between</W>
	</L><L l="431" t="196" b="216" r="708" i="4"><W l="431" t="197" r="456" b="211" x="1" y="4">the</W>
		<W l="464" t="197" r="521" b="215" x="2" y="4">parties</W>
		<W l="527" t="198" r="543" b="211" x="3" y="4">at</W>
		<W l="549" t="197" r="575" b="211" x="4" y="4">the</W>
		<W l="582" t="197" r="618" b="211" x="5" y="4">date</W>
		<W l="625" t="196" r="642" b="211" x="6" y="4">of</W>
		<W l="648" t="197" r="708" b="216" x="7" y="4">supply.</W>
	</L><L l="432" t="241" b="256" r="561" i="5"><W l="432" t="243" r="445" b="256" x="1" y="5">1.</W>
		<W l="482" t="241" r="561" b="256" x="2" y="5">Definition</W>
	</L><L l="432" t="286" b="306" r="2036" i="6"><W l="432" t="288" r="462" b="301" x="1" y="6">1.1.</W>
		<W l="530" t="286" r="586" b="305" x="2" y="6">*Apple</W>
		<W l="597" t="286" r="654" b="301" x="3" y="6">Marks’</W>
		<W l="665" t="291" r="723" b="301" x="4" y="6">means</W>
		<W l="732" t="291" r="763" b="306" x="5" y="6">any</W>
		<W l="772" t="286" r="864" b="303" x="6" y="6">trademark,</W>
		<W l="874" t="286" r="935" b="301" x="7" y="6">service</W>
		<W l="946" t="286" r="992" b="303" x="8" y="6">mark,</W>
		<W l="1003" t="287" r="1042" b="306" x="9" y="6">logo,</W>
		<W l="1054" t="290" r="1100" b="302" x="10" y="6">name</W>
		<W l="1110" t="286" r="1142" b="302" x="11" y="6">and</W>
		<W l="1152" t="286" r="1223" b="306" x="12" y="6">symbols</W>
		<W l="1232" t="286" r="1315" b="306" x="13" y="6">belonging</W>
		<W l="1325" t="290" r="1343" b="301" x="14" y="6">or</W>
		<W l="1352" t="286" r="1422" b="301" x="15" y="6">licensed</W>
		<W l="1432" t="288" r="1448" b="301" x="16" y="6">to</W>
		<W l="1457" t="286" r="1506" b="305" x="17" y="6">Apple</W>
		<W l="1516" t="290" r="1533" b="301" x="18" y="6">or</W>
		<W l="1542" t="290" r="1630" b="301" x="19" y="6">successor</W>
		<W l="1639" t="286" r="1653" b="301" x="20" y="6">in</W>
		<W l="1662" t="286" r="1690" b="301" x="21" y="6">title</W>
		<W l="1701" t="286" r="1776" b="305" x="22" y="6">(*Apple')</W>
		<W l="1785" t="290" r="1803" b="301" x="23" y="6">or</W>
		<W l="1811" t="286" r="1860" b="305" x="24" y="6">Apple</W>
		<W l="1872" t="286" r="1896" b="300" x="25" y="6">Inc</W>
		<W l="1905" t="286" r="1975" b="301" x="26" y="6">whether</W>
		<W l="1983" t="289" r="2000" b="300" x="27" y="6">or</W>
		<W l="2010" t="286" r="2036" b="300" x="28" y="6">not</W>
	</L><L l="531" t="309" b="328" r="870" i="7"><W l="531" t="309" r="616" b="328" x="1" y="7">registered</W>
		<W l="623" t="309" r="672" b="323" x="2" y="7">which</W>
		<W l="680" t="309" r="727" b="323" x="3" y="7">relate</W>
		<W l="734" t="310" r="750" b="323" x="4" y="7">to</W>
		<W l="756" t="309" r="781" b="323" x="5" y="7">the</W>
		<W l="789" t="309" r="870" b="323" x="6" y="7">Products.</W>
	</L><L l="432" t="329" b="349" r="1114" i="8"><W l="432" t="331" r="462" b="346" x="1" y="8">1.2.</W>
		<W l="530" t="330" r="626" b="346" x="2" y="8">*End-User׳</W>
		<W l="633" t="335" r="691" b="346" x="3" y="8">means</W>
		<W l="697" t="335" r="706" b="346" x="4" y="8">a</W>
		<W l="714" t="331" r="801" b="349" x="5" y="8">purchaser</W>
		<W l="806" t="330" r="823" b="346" x="6" y="8">of</W>
		<W l="828" t="331" r="853" b="345" x="7" y="8">the</W>
		<W l="861" t="330" r="937" b="345" x="8" y="8">Products</W>
		<W l="944" t="329" r="982" b="345" x="9" y="8">from</W>
		<W l="988" t="331" r="1013" b="346" x="10" y="8">the</W>
		<W l="1021" t="331" r="1114" b="346" x="11" y="8">Purchaser.</W>
	</L><L l="432" t="353" b="372" r="1510" i="9"><W l="432" t="355" r="462" b="369" x="1" y="9">1.3.</W>
		<W l="530" t="354" r="620" b="368" x="2" y="9">*Products*</W>
		<W l="627" t="358" r="685" b="368" x="3" y="9">means</W>
		<W l="691" t="354" r="717" b="368" x="4" y="9">the</W>
		<W l="725" t="354" r="799" b="372" x="5" y="9">products</W>
		<W l="805" t="354" r="839" b="368" x="6" y="9">sold</W>
		<W l="847" t="354" r="867" b="372" x="7" y="9">by</W>
		<W l="872" t="354" r="921" b="372" x="8" y="9">Apple</W>
		<W l="928" t="355" r="943" b="368" x="9" y="9">to</W>
		<W l="951" t="353" r="1039" b="369" x="10" y="9">Purchaser</W>
		<W l="1044" t="354" r="1100" b="369" x="11" y="9">details</W>
		<W l="1106" t="354" r="1123" b="369" x="12" y="9">of</W>
		<W l="1128" t="354" r="1177" b="369" x="13" y="9">which</W>
		<W l="1184" t="358" r="1211" b="369" x="14" y="9">are</W>
		<W l="1218" t="356" r="1243" b="368" x="15" y="9">set</W>
		<W l="1249" t="355" r="1276" b="369" x="16" y="9">out</W>
		<W l="1282" t="358" r="1303" b="369" x="17" y="9">on</W>
		<W l="1309" t="354" r="1335" b="369" x="18" y="9">the</W>
		<W l="1342" t="353" r="1381" b="368" x="19" y="9">front</W>
		<W l="1387" t="353" r="1405" b="368" x="20" y="9">of</W>
		<W l="1409" t="354" r="1439" b="368" x="21" y="9">this</W>
		<W l="1446" t="353" r="1510" b="368" x="22" y="9">invoice.</W>
	</L><L l="432" t="375" b="395" r="2035" i="10"><W l="432" t="377" r="462" b="390" x="1" y="10">1.4.</W>
		<W l="530" t="375" r="620" b="390" x="2" y="10">*Software*</W>
		<W l="631" t="380" r="688" b="390" x="3" y="10">means</W>
		<W l="698" t="375" r="775" b="392" x="4" y="10">software,</W>
		<W l="787" t="375" r="862" b="394" x="5" y="10">including</W>
		<W l="874" t="375" r="900" b="389" x="6" y="10">but</W>
		<W l="910" t="376" r="936" b="389" x="7" y="10">not</W>
		<W l="946" t="375" r="999" b="390" x="8" y="10">limited</W>
		<W l="1010" t="378" r="1025" b="390" x="9" y="10">to</W>
		<W l="1035" t="376" r="1115" b="395" x="10" y="10">operating</W>
		<W l="1125" t="378" r="1200" b="394" x="11" y="10">systems,</W>
		<W l="1212" t="376" r="1319" b="394" x="12" y="10">applications,</W>
		<W l="1330" t="376" r="1369" b="390" x="13" y="10">titles</W>
		<W l="1379" t="376" r="1410" b="390" x="14" y="10">and</W>
		<W l="1422" t="376" r="1479" b="390" x="15" y="10">related</W>
		<W l="1489" t="375" r="1616" b="390" x="16" y="10">documentation</W>
		<W l="1627" t="375" r="1658" b="390" x="17" y="10">and</W>
		<W l="1669" t="375" r="1747" b="390" x="18" y="10">materials</W>
		<W l="1757" t="375" r="1840" b="390" x="19" y="10">contained</W>
		<W l="1851" t="375" r="1865" b="389" x="20" y="10">in</W>
		<W l="1875" t="379" r="1893" b="389" x="21" y="10">or</W>
		<W l="1902" t="375" r="1999" b="393" x="22" y="10">constituting</W>
		<W l="2009" t="375" r="2035" b="389" x="23" y="10">the</W>
	</L><L l="532" t="398" b="414" r="612" i="11"><W l="532" t="398" r="612" b="414" x="1" y="11">Products.</W>
	</L><L l="432" t="421" b="440" r="986" i="12"><W l="432" t="422" r="462" b="436" x="1" y="12">1.5.</W>
		<W l="530" t="421" r="616" b="440" x="2" y="12">*Territory*</W>
		<W l="624" t="425" r="680" b="436" x="3" y="12">means</W>
		<W l="686" t="421" r="713" b="436" x="4" y="12">the</W>
		<W l="720" t="421" r="799" b="436" x="5" y="12">countries</W>
		<W l="804" t="421" r="854" b="435" x="6" y="12">within</W>
		<W l="861" t="421" r="885" b="435" x="7" y="12">EU</W>
		<W l="893" t="421" r="924" b="435" x="8" y="12">and</W>
		<W l="932" t="421" r="986" b="436" x="9" y="12">EFTA.</W>
	</L><L l="431" t="465" b="485" r="729" i="13"><W l="431" t="466" r="445" b="481" x="1" y="13">2.</W>
		<W l="482" t="465" r="578" b="485" x="2" y="13">Obligations</W>
		<W l="584" t="465" r="601" b="480" x="3" y="13">of</W>
		<W l="606" t="466" r="632" b="481" x="4" y="13">the</W>
		<W l="640" t="466" r="729" b="481" x="5" y="13">Purchaser</W>
	</L><L l="431" t="510" b="530" r="1200" i="14"><W l="431" t="511" r="454" b="525" x="1" y="14">2.1</W>
		<W l="531" t="510" r="563" b="525" x="2" y="14">The</W>
		<W l="571" t="510" r="660" b="525" x="3" y="14">Purchaser</W>
		<W l="666" t="510" r="761" b="525" x="4" y="14">undertakes</W>
		<W l="768" t="510" r="800" b="525" x="5" y="14">that</W>
		<W l="807" t="510" r="816" b="525" x="6" y="14">it</W>
		<W l="821" t="510" r="861" b="525" x="7" y="14">shall</W>
		<W l="868" t="511" r="894" b="525" x="8" y="14">not</W>
		<W l="900" t="510" r="933" b="527" x="9" y="14">sell,</W>
		<W l="942" t="511" r="986" b="526" x="10" y="14">resell</W>
		<W l="992" t="515" r="1010" b="526" x="11" y="14">or</W>
		<W l="1016" t="511" r="1029" b="526" x="12" y="14">in</W>
		<W l="1035" t="515" r="1102" b="530" x="13" y="14">anyway</W>
		<W l="1107" t="511" r="1174" b="530" x="14" y="14">dispose</W>
		<W l="1180" t="510" r="1200" b="526" x="15" y="14">of:</W>
	</L><L l="530" t="533" b="552" r="791" i="15"><W l="530" t="533" r="606" b="548" x="1" y="15">Products</W>
		<W l="612" t="533" r="674" b="548" x="2" y="15">outside</W>
		<W l="681" t="534" r="707" b="548" x="3" y="15">the</W>
		<W l="714" t="533" r="791" b="552" x="4" y="15">Territory;</W>
	</L><L l="530" t="555" b="575" r="2035" i="16"><W l="530" t="555" r="606" b="570" x="1" y="16">Products</W>
		<W l="614" t="556" r="627" b="570" x="2" y="16">in</W>
		<W l="635" t="555" r="752" b="570" x="3" y="16">contravention</W>
		<W l="758" t="555" r="775" b="570" x="4" y="16">of</W>
		<W l="781" t="560" r="813" b="575" x="5" y="16">any</W>
		<W l="819" t="555" r="906" b="574" x="6" y="16">applicable</W>
		<W l="914" t="558" r="968" b="573" x="7" y="16">export</W>
		<W l="976" t="556" r="1003" b="571" x="8" y="16">law</W>
		<W l="1009" t="560" r="1027" b="571" x="9" y="16">or</W>
		<W l="1034" t="556" r="1118" b="575" x="10" y="16">regulation</W>
		<W l="1126" t="556" r="1201" b="575" x="11" y="16">including</W>
		<W l="1209" t="556" r="1234" b="571" x="12" y="16">the</W>
		<W l="1243" t="556" r="1297" b="571" x="13" y="16">United</W>
		<W l="1306" t="556" r="1360" b="571" x="14" y="16">States</W>
		<W l="1368" t="556" r="1424" b="574" x="15" y="16">Export</W>
		<W l="1431" t="556" r="1554" b="571" x="16" y="16">Administration</W>
		<W l="1561" t="556" r="1592" b="572" x="17" y="16">Act,</W>
		<W l="1602" t="556" r="1679" b="574" x="18" y="16">Specially</W>
		<W l="1686" t="556" r="1783" b="575" x="19" y="16">Designated</W>
		<W l="1792" t="556" r="1872" b="571" x="20" y="16">Nationals</W>
		<W l="1880" t="560" r="1897" b="570" x="21" y="16">or</W>
		<W l="1904" t="556" r="1951" b="570" x="22" y="16">Table</W>
		<W l="1958" t="555" r="1975" b="570" x="23" y="16">of</W>
		<W l="1981" t="555" r="2035" b="570" x="24" y="16">Denial</W>
	</L><L l="580" t="578" b="597" r="886" i="17"><W l="580" t="578" r="639" b="593" x="1" y="17">Orders</W>
		<W l="645" t="578" r="676" b="593" x="2" y="17">and</W>
		<W l="683" t="582" r="715" b="597" x="3" y="17">any</W>
		<W l="722" t="578" r="779" b="593" x="4" y="17">related</W>
		<W l="787" t="578" r="886" b="597" x="5" y="17">regulations;</W>
	</L><L l="431" t="600" b="620" r="2036" i="18"><W l="431" t="601" r="456" b="616" x="1" y="18">2.2</W>
		<W l="531" t="600" r="563" b="615" x="2" y="18">The</W>
		<W l="573" t="601" r="663" b="616" x="3" y="18">Purchaser</W>
		<W l="671" t="601" r="766" b="615" x="4" y="18">undertakes</W>
		<W l="774" t="601" r="807" b="615" x="5" y="18">that</W>
		<W l="816" t="601" r="825" b="615" x="6" y="18">it</W>
		<W l="834" t="601" r="872" b="615" x="7" y="18">shall</W>
		<W l="882" t="602" r="908" b="615" x="8" y="18">not</W>
		<W l="917" t="605" r="956" b="618" x="9" y="18">own,</W>
		<W l="967" t="605" r="1010" b="620" x="10" y="18">copy,</W>
		<W l="1021" t="605" r="1055" b="618" x="11" y="18">use,</W>
		<W l="1066" t="605" r="1134" b="618" x="12" y="18">remove,</W>
		<W l="1144" t="601" r="1185" b="618" x="13" y="18">alter,</W>
		<W l="1196" t="601" r="1278" b="620" x="14" y="18">challenge</W>
		<W l="1287" t="606" r="1304" b="616" x="15" y="18">or</W>
		<W l="1313" t="601" r="1376" b="620" x="16" y="18">infringe</W>
		<W l="1385" t="605" r="1417" b="620" x="17" y="18">any</W>
		<W l="1425" t="601" r="1473" b="620" x="18" y="18">Apple</W>
		<W l="1484" t="601" r="1526" b="615" x="19" y="18">Mark</W>
		<W l="1534" t="605" r="1552" b="615" x="20" y="18">or</W>
		<W l="1560" t="601" r="1642" b="620" x="21" y="18">copyright,</W>
		<W l="1653" t="602" r="1710" b="620" x="22" y="18">patent,</W>
		<W l="1720" t="601" r="1776" b="620" x="23" y="18">design</W>
		<W l="1785" t="605" r="1803" b="616" x="24" y="18">or</W>
		<W l="1811" t="601" r="1856" b="616" x="25" y="18">other</W>
		<W l="1865" t="601" r="1955" b="616" x="26" y="18">intellectual</W>
		<W l="1965" t="602" r="2036" b="620" x="27" y="18">property</W>
	</L><L l="532" t="622" b="643" r="2037" i="19"><W l="532" t="623" r="614" b="642" x="1" y="19">belonging</W>
		<W l="623" t="627" r="640" b="637" x="2" y="19">or</W>
		<W l="647" t="623" r="717" b="638" x="3" y="19">licensed</W>
		<W l="724" t="624" r="740" b="637" x="4" y="19">to</W>
		<W l="747" t="623" r="800" b="642" x="5" y="19">Apple,</W>
		<W l="808" t="623" r="879" b="637" x="6" y="19">whether</W>
		<W l="885" t="622" r="899" b="637" x="7" y="19">in</W>
		<W l="907" t="622" r="991" b="641" x="8" y="19">hardware,</W>
		<W l="999" t="623" r="1076" b="641" x="9" y="19">software,</W>
		<W l="1084" t="625" r="1116" b="638" x="10" y="19">text</W>
		<W l="1123" t="623" r="1205" b="643" x="11" y="19">(including</W>
		<W l="1213" t="623" r="1346" b="641" x="12" y="19">documentation,</W>
		<W l="1353" t="623" r="1448" b="641" x="13" y="19">warranties,</W>
		<W l="1457" t="623" r="1530" b="640" x="14" y="19">licences,</W>
		<W l="1539" t="623" r="1590" b="638" x="15" y="19">model</W>
		<W l="1599" t="627" r="1660" b="640" x="16" y="19">names,</W>
		<W l="1669" t="623" r="1733" b="640" x="17" y="19">notices,</W>
		<W l="1742" t="623" r="1788" b="638" x="18" y="19">serial</W>
		<W l="1796" t="623" r="1871" b="638" x="19" y="19">numbers</W>
		<W l="1878" t="623" r="1909" b="638" x="20" y="19">and</W>
		<W l="1918" t="623" r="2012" b="642" x="21" y="19">packaging)</W>
		<W l="2019" t="627" r="2037" b="638" x="22" y="19">or</W>
	</L><L l="531" t="645" b="665" r="1280" i="20"><W l="531" t="646" r="576" b="660" x="1" y="20">other</W>
		<W l="582" t="646" r="650" b="661" x="2" y="20">medium</W>
		<W l="656" t="646" r="718" b="661" x="3" y="20">without</W>
		<W l="724" t="646" r="750" b="660" x="4" y="20">the</W>
		<W l="758" t="646" r="796" b="665" x="5" y="20">prior</W>
		<W l="802" t="646" r="895" b="664" x="6" y="20">permission</W>
		<W l="902" t="645" r="919" b="660" x="7" y="20">of</W>
		<W l="924" t="646" r="972" b="665" x="8" y="20">Apple</W>
		<W l="979" t="646" r="1010" b="661" x="9" y="20">and</W>
		<W l="1017" t="646" r="1078" b="665" x="10" y="20">subject</W>
		<W l="1084" t="647" r="1100" b="661" x="11" y="20">to</W>
		<W l="1106" t="650" r="1138" b="665" x="12" y="20">any</W>
		<W l="1144" t="646" r="1230" b="665" x="13" y="20">applicable</W>
		<W l="1238" t="646" r="1280" b="661" x="14" y="20">laws.</W>
	</L><L l="431" t="668" b="684" r="766" i="21"><W l="431" t="669" r="457" b="684" x="1" y="21">2.3</W>
		<W l="531" t="668" r="563" b="683" x="2" y="21">The</W>
		<W l="571" t="668" r="660" b="683" x="3" y="21">Purchaser</W>
		<W l="666" t="669" r="766" b="684" x="4" y="21">undertakes:</W>
	</L><L l="529" t="690" b="712" r="2036" i="22"><W l="529" t="691" r="562" b="706" x="1" y="22">that</W>
		<W l="569" t="691" r="577" b="706" x="2" y="22">it</W>
		<W l="584" t="691" r="622" b="707" x="3" y="22">shall</W>
		<W l="629" t="691" r="665" b="706" x="4" y="22">take</W>
		<W l="672" t="695" r="704" b="711" x="5" y="22">any</W>
		<W l="711" t="691" r="806" b="707" x="6" y="22">reasonable</W>
		<W l="813" t="691" r="864" b="706" x="7" y="22">action</W>
		<W l="871" t="692" r="886" b="706" x="8" y="22">to</W>
		<W l="894" t="690" r="940" b="711" x="9" y="22">notify</W>
		<W l="946" t="692" r="994" b="711" x="10" y="22">Apple</W>
		<W l="1001" t="691" r="1022" b="707" x="11" y="22">of:</W>
		<W l="1029" t="692" r="1045" b="711" x="12" y="22">(i)</W>
		<W l="1052" t="695" r="1084" b="712" x="13" y="22">any</W>
		<W l="1090" t="692" r="1156" b="707" x="14" y="22">claimed</W>
		<W l="1163" t="696" r="1181" b="707" x="15" y="22">or</W>
		<W l="1186" t="692" r="1274" b="711" x="16" y="22">suspected</W>
		<W l="1282" t="692" r="1347" b="711" x="17" y="22">product</W>
		<W l="1353" t="691" r="1420" b="710" x="18" y="22">defects,</W>
		<W l="1428" t="691" r="1480" b="711" x="19" y="22">safety</W>
		<W l="1487" t="692" r="1560" b="711" x="20" y="22">problem,</W>
		<W l="1568" t="691" r="1612" b="707" x="21" y="22">claim</W>
		<W l="1619" t="695" r="1637" b="707" x="22" y="22">or</W>
		<W l="1643" t="691" r="1737" b="711" x="23" y="22">proceeding</W>
		<W l="1746" t="691" r="1820" b="711" x="24" y="22">involving</W>
		<W l="1827" t="695" r="1859" b="711" x="25" y="22">any</W>
		<W l="1866" t="692" r="1932" b="707" x="26" y="22">Product</W>
		<W l="1938" t="692" r="1970" b="707" x="27" y="22">and</W>
		<W l="1978" t="691" r="1998" b="710" x="28" y="22">(ii)</W>
		<W l="2004" t="695" r="2036" b="711" x="29" y="22">any</W>
	</L><L l="580" t="714" b="733" r="1124" i="23"><W l="580" t="714" r="661" b="729" x="1" y="23">violations</W>
		<W l="667" t="714" r="684" b="729" x="2" y="23">of</W>
		<W l="688" t="714" r="753" b="733" x="3" y="23">Apple's</W>
		<W l="760" t="714" r="806" b="733" x="4" y="23">rights</W>
		<W l="813" t="714" r="826" b="729" x="5" y="23">in</W>
		<W l="833" t="714" r="859" b="728" x="6" y="23">the</W>
		<W l="867" t="714" r="943" b="729" x="7" y="23">Products</W>
		<W l="948" t="719" r="968" b="729" x="8" y="23">as</W>
		<W l="976" t="719" r="1016" b="729" x="9" y="23">soon</W>
		<W l="1022" t="718" r="1042" b="729" x="10" y="23">as</W>
		<W l="1049" t="715" r="1124" b="733" x="11" y="23">possible;</W>
	</L><L l="529" t="736" b="756" r="2035" i="24"><W l="529" t="737" r="582" b="751" x="1" y="24">where</W>
		<W l="590" t="737" r="599" b="751" x="2" y="24">it</W>
		<W l="607" t="737" r="662" b="751" x="3" y="24">resells</W>
		<W l="669" t="737" r="695" b="751" x="4" y="24">the</W>
		<W l="705" t="737" r="780" b="751" x="5" y="24">Products</W>
		<W l="788" t="741" r="808" b="751" x="6" y="24">as</W>
		<W l="816" t="741" r="850" b="751" x="7" y="24">new</W>
		<W l="859" t="736" r="933" b="755" x="8" y="24">products</W>
		<W l="941" t="737" r="950" b="752" x="9" y="24">it</W>
		<W l="957" t="738" r="995" b="752" x="10" y="24">shall</W>
		<W l="1002" t="738" r="1023" b="752" x="11" y="24">do</W>
		<W l="1032" t="741" r="1051" b="752" x="12" y="24">so</W>
		<W l="1058" t="737" r="1092" b="752" x="13" y="24">with</W>
		<W l="1100" t="738" r="1119" b="752" x="14" y="24">all</W>
		<W l="1128" t="737" r="1220" b="756" x="15" y="24">packaging,</W>
		<W l="1229" t="737" r="1294" b="754" x="16" y="24">notices,</W>
		<W l="1303" t="737" r="1357" b="754" x="17" y="24">labels,</W>
		<W l="1367" t="737" r="1413" b="752" x="18" y="24">serial</W>
		<W l="1421" t="737" r="1500" b="754" x="19" y="24">numbers,</W>
		<W l="1509" t="737" r="1561" b="751" x="20" y="24">model</W>
		<W l="1570" t="741" r="1631" b="754" x="21" y="24">names,</W>
		<W l="1640" t="737" r="1688" b="755" x="22" y="24">Apple</W>
		<W l="1697" t="737" r="1753" b="754" x="23" y="24">Marks,</W>
		<W l="1762" t="737" r="1856" b="754" x="24" y="24">warranties,</W>
		<W l="1865" t="737" r="1966" b="754" x="25" y="24">disclaimers,</W>
		<W l="1976" t="737" r="2035" b="751" x="26" y="24">licence</W>
	</L><L l="580" t="759" b="779" r="1711" i="25"><W l="580" t="761" r="683" b="779" x="1" y="25">agreements</W>
		<W l="689" t="759" r="720" b="774" x="2" y="25">and</W>
		<W l="728" t="760" r="772" b="774" x="3" y="25">other</W>
		<W l="777" t="759" r="910" b="776" x="4" y="25">documentation,</W>
		<W l="918" t="760" r="1002" b="779" x="5" y="25">unopened</W>
		<W l="1009" t="760" r="1040" b="775" x="6" y="25">and</W>
		<W l="1048" t="760" r="1128" b="775" x="7" y="25">unaltered</W>
		<W l="1135" t="764" r="1155" b="775" x="8" y="25">as</W>
		<W l="1161" t="760" r="1227" b="779" x="9" y="25">shipped</W>
		<W l="1234" t="759" r="1272" b="775" x="10" y="25">from</W>
		<W l="1280" t="760" r="1333" b="779" x="11" y="25">Apple,</W>
		<W l="1342" t="760" r="1397" b="775" x="12" y="25">unless</W>
		<W l="1403" t="760" r="1493" b="775" x="13" y="25">authorised</W>
		<W l="1500" t="761" r="1515" b="774" x="14" y="25">to</W>
		<W l="1522" t="760" r="1548" b="774" x="15" y="25">the</W>
		<W l="1555" t="761" r="1626" b="779" x="16" y="25">contrary</W>
		<W l="1632" t="760" r="1652" b="779" x="17" y="25">by</W>
		<W l="1657" t="760" r="1711" b="779" x="18" y="25">Apple,</W>
	</L><L l="529" t="782" b="802" r="2035" i="26"><W l="529" t="782" r="582" b="797" x="1" y="26">where</W>
		<W l="592" t="782" r="600" b="797" x="2" y="26">it</W>
		<W l="611" t="782" r="665" b="797" x="3" y="26">resells</W>
		<W l="675" t="782" r="701" b="797" x="4" y="26">the</W>
		<W l="712" t="782" r="787" b="797" x="5" y="26">Products</W>
		<W l="797" t="783" r="812" b="797" x="6" y="26">to</W>
		<W l="822" t="782" r="867" b="797" x="7" y="26">other</W>
		<W l="876" t="782" r="971" b="801" x="8" y="26">purchasers</W>
		<W l="981" t="782" r="990" b="798" x="9" y="26">it</W>
		<W l="998" t="782" r="1037" b="798" x="10" y="26">shall</W>
		<W l="1046" t="786" r="1067" b="798" x="11" y="26">as</W>
		<W l="1076" t="782" r="1099" b="798" x="12" y="26">far</W>
		<W l="1107" t="787" r="1127" b="798" x="13" y="26">as</W>
		<W l="1138" t="783" r="1150" b="798" x="14" y="26">is</W>
		<W l="1160" t="782" r="1254" b="798" x="15" y="26">reasonable</W>
		<W l="1266" t="787" r="1330" b="802" x="16" y="26">procure</W>
		<W l="1340" t="783" r="1388" b="798" x="17" y="26">those</W>
		<W l="1398" t="782" r="1496" b="801" x="18" y="26">purchasers'</W>
		<W l="1507" t="782" r="1614" b="801" x="19" y="26">independent</W>
		<W l="1624" t="782" r="1721" b="801" x="20" y="26">compliance</W>
		<W l="1730" t="782" r="1764" b="797" x="21" y="26">with</W>
		<W l="1775" t="782" r="1835" b="798" x="22" y="26">section</W>
		<W l="1846" t="783" r="1855" b="797" x="23" y="26">2</W>
		<W l="1865" t="782" r="1882" b="797" x="24" y="26">of</W>
		<W l="1890" t="782" r="1936" b="798" x="25" y="26">these</W>
		<W l="1946" t="783" r="1994" b="798" x="26" y="26">terms</W>
		<W l="2003" t="782" r="2035" b="798" x="27" y="26">and</W>
	</L><L l="580" t="805" b="819" r="672" i="27"><W l="580" t="805" r="672" b="819" x="1" y="27">conditions.</W>
	</L><L l="432" t="850" b="869" r="629" i="28"><W l="432" t="850" r="446" b="865" x="1" y="28">3.</W>
		<W l="482" t="850" r="542" b="865" x="2" y="28">Limited</W>
		<W l="550" t="850" r="629" b="869" x="3" y="28">Warranty</W>
	</L><L l="431" t="895" b="915" r="2035" i="29"><W l="431" t="896" r="443" b="909" x="1" y="29">A</W>
		<W l="449" t="897" r="525" b="914" x="2" y="29">warranty</W>
		<W l="531" t="895" r="544" b="909" x="3" y="29">is</W>
		<W l="551" t="895" r="615" b="914" x="4" y="29">granted</W>
		<W l="623" t="895" r="685" b="914" x="5" y="29">directly</W>
		<W l="691" t="897" r="706" b="909" x="6" y="29">to</W>
		<W l="715" t="895" r="806" b="910" x="7" y="29">End-Users</W>
		<W l="812" t="899" r="832" b="910" x="8" y="29">as</W>
		<W l="839" t="895" r="891" b="909" x="9" y="29">stated</W>
		<W l="899" t="895" r="913" b="910" x="10" y="29">in</W>
		<W l="920" t="896" r="946" b="910" x="11" y="29">the</W>
		<W l="953" t="896" r="1039" b="915" x="12" y="29">applicable</W>
		<W l="1047" t="896" r="1132" b="910" x="13" y="29">document</W>
		<W l="1139" t="896" r="1263" b="915" x="14" y="29">accompanying</W>
		<W l="1271" t="897" r="1297" b="911" x="15" y="29">the</W>
		<W l="1306" t="896" r="1387" b="910" x="16" y="29">Products.</W>
		<W l="1394" t="896" r="1443" b="914" x="17" y="29">Apple</W>
		<W l="1451" t="896" r="1506" b="910" x="18" y="29">makes</W>
		<W l="1515" t="900" r="1535" b="910" x="19" y="29">no</W>
		<W l="1541" t="897" r="1617" b="915" x="20" y="29">warranty</W>
		<W l="1623" t="896" r="1668" b="910" x="21" y="29">other</W>
		<W l="1674" t="896" r="1705" b="910" x="22" y="29">that</W>
		<W l="1712" t="900" r="1732" b="910" x="23" y="29">as</W>
		<W l="1739" t="896" r="1822" b="915" x="24" y="29">expressly</W>
		<W l="1828" t="898" r="1854" b="910" x="25" y="29">set</W>
		<W l="1860" t="897" r="1888" b="910" x="26" y="29">out</W>
		<W l="1895" t="896" r="1908" b="910" x="27" y="29">in</W>
		<W l="1915" t="896" r="1940" b="910" x="28" y="29">the</W>
		<W l="1948" t="896" r="2035" b="914" x="29" y="29">applicable</W>
	</L><L l="430" t="917" b="938" r="2035" i="30"><W l="430" t="919" r="506" b="936" x="1" y="30">warranty</W>
		<W l="515" t="917" r="604" b="932" x="2" y="30">document.</W>
		<W l="614" t="917" r="635" b="932" x="3" y="30">All</W>
		<W l="645" t="917" r="690" b="932" x="4" y="30">other</W>
		<W l="698" t="917" r="792" b="935" x="5" y="30">warranties,</W>
		<W l="804" t="917" r="891" b="932" x="6" y="30">conditions</W>
		<W l="900" t="921" r="918" b="933" x="7" y="30">or</W>
		<W l="927" t="918" r="972" b="933" x="8" y="30">other</W>
		<W l="980" t="920" r="1027" b="933" x="9" y="30">terms</W>
		<W l="1037" t="922" r="1104" b="937" x="10" y="30">express</W>
		<W l="1114" t="922" r="1132" b="933" x="11" y="30">or</W>
		<W l="1142" t="918" r="1201" b="937" x="12" y="30">implied</W>
		<W l="1212" t="918" r="1232" b="938" x="13" y="30">by</W>
		<W l="1241" t="918" r="1273" b="936" x="14" y="30">law,</W>
		<W l="1284" t="919" r="1343" b="933" x="15" y="30">statute</W>
		<W l="1352" t="922" r="1370" b="933" x="16" y="30">or</W>
		<W l="1379" t="918" r="1461" b="933" x="17" y="30">otherwise</W>
		<W l="1471" t="922" r="1498" b="933" x="18" y="30">are</W>
		<W l="1509" t="918" r="1568" b="937" x="19" y="30">hereby</W>
		<W l="1577" t="918" r="1654" b="933" x="20" y="30">excluded</W>
		<W l="1664" t="919" r="1679" b="933" x="21" y="30">to</W>
		<W l="1689" t="918" r="1715" b="933" x="22" y="30">the</W>
		<W l="1726" t="918" r="1809" b="933" x="23" y="30">maximum</W>
		<W l="1819" t="919" r="1873" b="933" x="24" y="30">extent</W>
		<W l="1883" t="918" r="1962" b="937" x="25" y="30">permitted</W>
		<W l="1973" t="918" r="1992" b="937" x="26" y="30">by</W>
		<W l="2002" t="918" r="2035" b="933" x="27" y="30">law.</W>
	</L><L l="432" t="940" b="961" r="2035" i="31"><W l="432" t="940" r="520" b="955" x="1" y="31">Purchaser</W>
		<W l="526" t="944" r="544" b="955" x="2" y="31">or</W>
		<W l="549" t="941" r="595" b="955" x="3" y="31">other</W>
		<W l="601" t="944" r="670" b="959" x="4" y="31">persons</W>
		<W l="677" t="944" r="704" b="955" x="5" y="31">are</W>
		<W l="713" t="942" r="739" b="955" x="6" y="31">not</W>
		<W l="745" t="941" r="835" b="955" x="7" y="31">authorised</W>
		<W l="843" t="942" r="858" b="955" x="8" y="31">to</W>
		<W l="866" t="941" r="897" b="955" x="9" y="31">and</W>
		<W l="905" t="942" r="944" b="956" x="10" y="31">shall</W>
		<W l="952" t="943" r="978" b="956" x="11" y="31">not</W>
		<W l="985" t="942" r="1029" b="961" x="12" y="31">grant</W>
		<W l="1036" t="945" r="1067" b="960" x="13" y="31">any</W>
		<W l="1074" t="942" r="1133" b="956" x="14" y="31">licence</W>
		<W l="1141" t="945" r="1159" b="956" x="15" y="31">or</W>
		<W l="1166" t="942" r="1211" b="956" x="16" y="31">make</W>
		<W l="1220" t="945" r="1251" b="960" x="17" y="31">any</W>
		<W l="1256" t="943" r="1335" b="961" x="18" y="31">warranty,</W>
		<W l="1344" t="942" r="1401" b="956" x="19" y="31">written</W>
		<W l="1409" t="945" r="1427" b="956" x="20" y="31">or</W>
		<W l="1433" t="942" r="1468" b="958" x="21" y="31">oral,</W>
		<W l="1477" t="942" r="1491" b="956" x="22" y="31">in</W>
		<W l="1498" t="941" r="1562" b="960" x="23" y="31">Apple's</W>
		<W l="1570" t="945" r="1617" b="956" x="24" y="31">name</W>
		<W l="1624" t="945" r="1642" b="956" x="25" y="31">or</W>
		<W l="1648" t="945" r="1669" b="956" x="26" y="31">on</W>
		<W l="1676" t="940" r="1740" b="960" x="27" y="31">Apple's</W>
		<W l="1748" t="941" r="1801" b="956" x="28" y="31">behalf</W>
		<W l="1807" t="942" r="1852" b="956" x="29" y="31">other</W>
		<W l="1858" t="942" r="1895" b="956" x="30" y="31">than</W>
		<W l="1903" t="945" r="1923" b="956" x="31" y="31">as</W>
		<W l="1929" t="942" r="2012" b="956" x="32" y="31">contained</W>
		<W l="2022" t="941" r="2035" b="956" x="33" y="31">in</W>
	</L><L l="431" t="962" b="981" r="759" i="32"><W l="431" t="963" r="456" b="977" x="1" y="32">the</W>
		<W l="464" t="962" r="518" b="977" x="2" y="32">limited</W>
		<W l="524" t="965" r="600" b="981" x="3" y="32">warranty</W>
		<W l="606" t="962" r="672" b="977" x="4" y="32">referred</W>
		<W l="680" t="965" r="695" b="977" x="5" y="32">to</W>
		<W l="702" t="963" r="759" b="977" x="6" y="32">above.</W>
	</L><L l="431" t="1053" b="1072" r="775" i="33"><W l="431" t="1054" r="445" b="1068" x="1" y="33">4.</W>
		<W l="481" t="1053" r="535" b="1068" x="2" y="33">Terms</W>
		<W l="542" t="1053" r="573" b="1068" x="3" y="33">and</W>
		<W l="580" t="1053" r="667" b="1068" x="4" y="33">conditions</W>
		<W l="673" t="1053" r="690" b="1068" x="5" y="33">of</W>
		<W l="696" t="1053" r="775" b="1072" x="6" y="33">purchase</W>
	</L><L l="430" t="1098" b="1118" r="2035" i="34"><W l="430" t="1099" r="453" b="1113" x="1" y="34">4.1</W>
		<W l="530" t="1098" r="573" b="1113" x="2" y="34">Each</W>
		<W l="582" t="1098" r="628" b="1113" x="3" y="34">order</W>
		<W l="636" t="1098" r="660" b="1113" x="4" y="34">for</W>
		<W l="667" t="1098" r="744" b="1113" x="5" y="34">Products</W>
		<W l="753" t="1098" r="835" b="1113" x="6" y="34">submitted</W>
		<W l="846" t="1098" r="866" b="1117" x="7" y="34">by</W>
		<W l="874" t="1098" r="964" b="1114" x="8" y="34">Purchaser</W>
		<W l="971" t="1099" r="1030" b="1118" x="9" y="34">implies</W>
		<W l="1038" t="1101" r="1137" b="1118" x="10" y="34">acceptance</W>
		<W l="1146" t="1099" r="1180" b="1114" x="11" y="34">with</W>
		<W l="1189" t="1099" r="1235" b="1114" x="12" y="34">these</W>
		<W l="1244" t="1101" r="1293" b="1114" x="13" y="34">terms</W>
		<W l="1301" t="1100" r="1333" b="1114" x="14" y="34">and</W>
		<W l="1343" t="1099" r="1430" b="1114" x="15" y="34">conditions</W>
		<W l="1439" t="1099" r="1469" b="1114" x="16" y="34">and</W>
		<W l="1478" t="1099" r="1555" b="1114" x="17" y="34">excludes</W>
		<W l="1563" t="1099" r="1582" b="1114" x="18" y="34">all</W>
		<W l="1592" t="1098" r="1677" b="1118" x="19" y="34">conflicting</W>
		<W l="1687" t="1099" r="1773" b="1118" x="20" y="34">provisions</W>
		<W l="1782" t="1099" r="1865" b="1114" x="21" y="34">contained</W>
		<W l="1875" t="1099" r="1889" b="1114" x="22" y="34">in</W>
		<W l="1898" t="1099" r="1924" b="1114" x="23" y="34">the</W>
		<W l="1933" t="1098" r="2035" b="1114" x="24" y="34">Purchaser's</W>
	</L><L l="530" t="1121" b="1141" r="1314" i="35"><W l="530" t="1121" r="617" b="1136" x="1" y="35">conditions</W>
		<W l="624" t="1121" r="641" b="1136" x="2" y="35">of</W>
		<W l="647" t="1121" r="730" b="1140" x="3" y="35">purchase.</W>
		<W l="738" t="1121" r="827" b="1136" x="4" y="35">Purchaser</W>
		<W l="833" t="1125" r="870" b="1140" x="5" y="35">may</W>
		<W l="875" t="1124" r="902" b="1137" x="6" y="35">not</W>
		<W l="909" t="1122" r="964" b="1137" x="7" y="35">cancel</W>
		<W l="971" t="1122" r="1024" b="1137" x="8" y="35">orders</W>
		<W l="1031" t="1123" r="1088" b="1141" x="9" y="35">except</W>
		<W l="1095" t="1122" r="1115" b="1141" x="10" y="35">by</W>
		<W l="1120" t="1124" r="1214" b="1141" x="11" y="35">agreement</W>
		<W l="1220" t="1122" r="1253" b="1137" x="12" y="35">with</W>
		<W l="1259" t="1122" r="1314" b="1141" x="13" y="35">Apple.</W>
	</L><L l="430" t="1143" b="1165" r="2035" i="36"><W l="430" t="1144" r="455" b="1159" x="1" y="36">4.2</W>
		<W l="530" t="1143" r="667" b="1164" x="2" y="36">Notwithstanding</W>
		<W l="678" t="1148" r="709" b="1164" x="3" y="36">any</W>
		<W l="717" t="1143" r="783" b="1160" x="4" y="36">transfer</W>
		<W l="792" t="1143" r="809" b="1160" x="5" y="36">of</W>
		<W l="817" t="1144" r="847" b="1160" x="6" y="36">risk</W>
		<W l="856" t="1143" r="872" b="1159" x="7" y="36">of</W>
		<W l="881" t="1144" r="914" b="1160" x="8" y="36">loss</W>
		<W l="923" t="1149" r="941" b="1161" x="9" y="36">or</W>
		<W l="949" t="1144" r="1018" b="1165" x="10" y="36">damage</W>
		<W l="1028" t="1145" r="1042" b="1161" x="11" y="36">in</W>
		<W l="1051" t="1146" r="1116" b="1165" x="12" y="36">respect</W>
		<W l="1124" t="1144" r="1142" b="1161" x="13" y="36">of</W>
		<W l="1149" t="1145" r="1175" b="1161" x="14" y="36">the</W>
		<W l="1185" t="1145" r="1260" b="1161" x="15" y="36">Products</W>
		<W l="1271" t="1149" r="1312" b="1165" x="16" y="36">upon</W>
		<W l="1322" t="1144" r="1393" b="1165" x="17" y="36">delivery,</W>
		<W l="1403" t="1144" r="1432" b="1161" x="18" y="36">title</W>
		<W l="1442" t="1146" r="1457" b="1161" x="19" y="36">to</W>
		<W l="1467" t="1144" r="1543" b="1160" x="20" y="36">Products</W>
		<W l="1553" t="1144" r="1624" b="1164" x="21" y="36">supplied</W>
		<W l="1634" t="1146" r="1709" b="1164" x="22" y="36">pursuant</W>
		<W l="1717" t="1146" r="1733" b="1160" x="23" y="36">to</W>
		<W l="1742" t="1144" r="1773" b="1160" x="24" y="36">this</W>
		<W l="1781" t="1145" r="1878" b="1165" x="25" y="36">Agreement</W>
		<W l="1886" t="1144" r="1925" b="1160" x="26" y="36">shall</W>
		<W l="1936" t="1145" r="1961" b="1160" x="27" y="36">not</W>
		<W l="1971" t="1148" r="2011" b="1164" x="28" y="36">pass</W>
		<W l="2019" t="1145" r="2035" b="1160" x="29" y="36">to</W>
	</L><L l="530" t="1167" b="1188" r="2035" i="37"><W l="530" t="1167" r="620" b="1183" x="1" y="37">Purchaser</W>
		<W l="627" t="1167" r="661" b="1183" x="2" y="37">until</W>
		<W l="669" t="1169" r="743" b="1187" x="3" y="37">payment</W>
		<W l="752" t="1168" r="764" b="1183" x="4" y="37">in</W>
		<W l="773" t="1167" r="797" b="1183" x="5" y="37">full</W>
		<W l="805" t="1167" r="822" b="1183" x="6" y="37">of</W>
		<W l="828" t="1168" r="846" b="1183" x="7" y="37">all</W>
		<W l="854" t="1172" r="900" b="1184" x="8" y="37">sums</W>
		<W l="908" t="1169" r="939" b="1184" x="9" y="37">due</W>
		<W l="948" t="1170" r="963" b="1184" x="10" y="37">to</W>
		<W l="970" t="1169" r="1018" b="1188" x="11" y="37">Apple</W>
		<W l="1027" t="1169" r="1097" b="1184" x="12" y="37">whether</W>
		<W l="1104" t="1169" r="1118" b="1184" x="13" y="37">in</W>
		<W l="1127" t="1170" r="1189" b="1188" x="14" y="37">respect</W>
		<W l="1197" t="1168" r="1215" b="1184" x="15" y="37">of</W>
		<W l="1221" t="1169" r="1267" b="1184" x="16" y="37">those</W>
		<W l="1276" t="1169" r="1352" b="1184" x="17" y="37">Products</W>
		<W l="1360" t="1173" r="1378" b="1184" x="18" y="37">or</W>
		<W l="1384" t="1169" r="1472" b="1184" x="19" y="37">otherwise.</W>
		<W l="1481" t="1168" r="1519" b="1183" x="20" y="37">Until</W>
		<W l="1526" t="1168" r="1551" b="1183" x="21" y="37">full</W>
		<W l="1559" t="1169" r="1633" b="1188" x="22" y="37">payment</W>
		<W l="1640" t="1169" r="1656" b="1183" x="23" y="37">to</W>
		<W l="1664" t="1168" r="1712" b="1187" x="24" y="37">Apple</W>
		<W l="1721" t="1168" r="1751" b="1183" x="25" y="37">has</W>
		<W l="1760" t="1168" r="1801" b="1183" x="26" y="37">been</W>
		<W l="1811" t="1168" r="1857" b="1183" x="27" y="37">made</W>
		<W l="1865" t="1168" r="1892" b="1183" x="28" y="37">the</W>
		<W l="1901" t="1168" r="1989" b="1183" x="29" y="37">Purchaser</W>
		<W l="1996" t="1168" r="2035" b="1183" x="30" y="37">shall</W>
	</L><L l="530" t="1190" b="1211" r="2035" i="38"><W l="530" t="1190" r="565" b="1205" x="1" y="38">hold</W>
		<W l="573" t="1190" r="591" b="1205" x="2" y="38">all</W>
		<W l="600" t="1190" r="679" b="1209" x="3" y="38">proceeds</W>
		<W l="686" t="1190" r="703" b="1205" x="4" y="38">of</W>
		<W l="709" t="1190" r="743" b="1205" x="5" y="38">sale</W>
		<W l="751" t="1190" r="767" b="1209" x="6" y="38">(if</W>
		<W l="773" t="1190" r="810" b="1210" x="7" y="38">any)</W>
		<W l="818" t="1194" r="838" b="1205" x="8" y="38">on</W>
		<W l="846" t="1190" r="900" b="1206" x="9" y="38">behalf</W>
		<W l="905" t="1191" r="922" b="1206" x="10" y="38">of</W>
		<W l="928" t="1191" r="977" b="1210" x="11" y="38">Apple</W>
		<W l="984" t="1191" r="1015" b="1206" x="12" y="38">and</W>
		<W l="1023" t="1191" r="1033" b="1206" x="13" y="38">if</W>
		<W l="1039" t="1195" r="1058" b="1206" x="14" y="38">so</W>
		<W l="1067" t="1192" r="1151" b="1210" x="15" y="38">requested</W>
		<W l="1160" t="1191" r="1180" b="1211" x="16" y="38">by</W>
		<W l="1186" t="1192" r="1239" b="1210" x="17" y="38">Apple,</W>
		<W l="1248" t="1191" r="1287" b="1206" x="18" y="38">shall</W>
		<W l="1295" t="1192" r="1350" b="1211" x="19" y="38">assign</W>
		<W l="1357" t="1193" r="1373" b="1206" x="20" y="38">to</W>
		<W l="1380" t="1191" r="1431" b="1210" x="21" y="38">Apple</W>
		<W l="1437" t="1191" r="1456" b="1206" x="22" y="38">all</W>
		<W l="1464" t="1191" r="1482" b="1206" x="23" y="38">its</W>
		<W l="1490" t="1191" r="1536" b="1211" x="24" y="38">rights</W>
		<W l="1544" t="1191" r="1558" b="1206" x="25" y="38">in</W>
		<W l="1566" t="1192" r="1628" b="1210" x="26" y="38">respect</W>
		<W l="1636" t="1190" r="1653" b="1206" x="27" y="38">of</W>
		<W l="1658" t="1191" r="1704" b="1206" x="28" y="38">those</W>
		<W l="1713" t="1191" r="1792" b="1210" x="29" y="38">proceeds</W>
		<W l="1799" t="1191" r="1855" b="1206" x="30" y="38">and/or</W>
		<W l="1861" t="1191" r="1880" b="1206" x="31" y="38">all</W>
		<W l="1889" t="1191" r="1935" b="1210" x="32" y="38">rights</W>
		<W l="1941" t="1191" r="1972" b="1206" x="33" y="38">and</W>
		<W l="1980" t="1191" r="2035" b="1206" x="34" y="38">claims</W>
	</L><L l="529" t="1213" b="1233" r="2035" i="39"><W l="529" t="1213" r="578" b="1227" x="1" y="39">which</W>
		<W l="588" t="1213" r="677" b="1227" x="2" y="39">Purchaser</W>
		<W l="684" t="1216" r="720" b="1232" x="3" y="39">may</W>
		<W l="728" t="1213" r="767" b="1227" x="4" y="39">have</W>
		<W l="776" t="1213" r="839" b="1232" x="5" y="39">against</W>
		<W l="847" t="1217" r="878" b="1233" x="6" y="39">any</W>
		<W l="884" t="1214" r="921" b="1229" x="7" y="39">third</W>
		<W l="931" t="1215" r="974" b="1233" x="8" y="39">party</W>
		<W l="980" t="1214" r="1035" b="1233" x="9" y="39">arising</W>
		<W l="1044" t="1214" r="1082" b="1229" x="10" y="39">from</W>
		<W l="1091" t="1214" r="1131" b="1229" x="11" y="39">such</W>
		<W l="1139" t="1214" r="1188" b="1229" x="12" y="39">sales.</W>
		<W l="1198" t="1214" r="1234" b="1229" x="13" y="39">Until</W>
		<W l="1243" t="1215" r="1318" b="1233" x="14" y="39">payment</W>
		<W l="1326" t="1214" r="1356" b="1229" x="15" y="39">has</W>
		<W l="1365" t="1214" r="1407" b="1229" x="16" y="39">been</W>
		<W l="1415" t="1214" r="1462" b="1229" x="17" y="39">made</W>
		<W l="1471" t="1214" r="1484" b="1228" x="18" y="39">in</W>
		<W l="1492" t="1213" r="1516" b="1228" x="19" y="39">full</W>
		<W l="1524" t="1213" r="1547" b="1228" x="20" y="39">for</W>
		<W l="1554" t="1217" r="1587" b="1233" x="21" y="39">any</W>
		<W l="1593" t="1214" r="1670" b="1228" x="22" y="39">Products</W>
		<W l="1679" t="1214" r="1767" b="1228" x="23" y="39">Purchaser</W>
		<W l="1774" t="1214" r="1813" b="1228" x="24" y="39">shall</W>
		<W l="1821" t="1215" r="1864" b="1228" x="25" y="39">store</W>
		<W l="1872" t="1214" r="1903" b="1228" x="26" y="39">and</W>
		<W l="1913" t="1214" r="1953" b="1232" x="27" y="39">keep</W>
		<W l="1961" t="1214" r="2035" b="1228" x="28" y="39">accurate</W>
	</L><L l="530" t="1235" b="1256" r="1986" i="40"><W l="530" t="1236" r="594" b="1250" x="1" y="40">records</W>
		<W l="600" t="1235" r="617" b="1250" x="2" y="40">of</W>
		<W l="622" t="1236" r="648" b="1250" x="3" y="40">the</W>
		<W l="656" t="1236" r="732" b="1255" x="4" y="40">Produis</W>
		<W l="738" t="1240" r="757" b="1251" x="5" y="40">sc</W>
		<W l="764" t="1240" r="784" b="1251" x="6" y="40">as</W>
		<W l="790" t="1237" r="805" b="1251" x="7" y="40">to</W>
		<W l="812" t="1237" r="870" b="1251" x="8" y="40">enable</W>
		<W l="876" t="1237" r="919" b="1252" x="9" y="40">them</W>
		<W l="925" t="1238" r="941" b="1252" x="10" y="40">to</W>
		<W l="948" t="1238" r="968" b="1252" x="11" y="40">be</W>
		<W l="976" t="1237" r="1051" b="1252" x="12" y="40">identified</W>
		<W l="1058" t="1241" r="1078" b="1252" x="13" y="40">as</W>
		<W l="1084" t="1238" r="1133" b="1256" x="14" y="40">Apple</W>
		<W l="1141" t="1239" r="1212" b="1256" x="15" y="40">property</W>
		<W l="1218" t="1237" r="1248" b="1252" x="16" y="40">and</W>
		<W l="1256" t="1237" r="1346" b="1252" x="17" y="40">Purchaser</W>
		<W l="1351" t="1237" r="1390" b="1252" x="18" y="40">shall</W>
		<W l="1397" t="1237" r="1441" b="1252" x="19" y="40">allow</W>
		<W l="1447" t="1237" r="1487" b="1252" x="20" y="40">such</W>
		<W l="1493" t="1241" r="1554" b="1251" x="21" y="40">access</W>
		<W l="1560" t="1241" r="1579" b="1252" x="22" y="40">so</W>
		<W l="1586" t="1241" r="1606" b="1251" x="23" y="40">as</W>
		<W l="1612" t="1238" r="1628" b="1251" x="24" y="40">to</W>
		<W l="1634" t="1237" r="1692" b="1251" x="25" y="40">enable</W>
		<W l="1698" t="1237" r="1747" b="1255" x="26" y="40">Apple</W>
		<W l="1755" t="1238" r="1770" b="1251" x="27" y="40">to</W>
		<W l="1777" t="1240" r="1866" b="1255" x="28" y="40">repossess</W>
		<W l="1872" t="1236" r="1899" b="1251" x="29" y="40">the</W>
		<W l="1907" t="1236" r="1986" b="1251" x="30" y="40">Products.</W>
	</L><L l="429" t="1258" b="1278" r="2036" i="41"><W l="429" t="1258" r="455" b="1273" x="1" y="41">4.3</W>
		<W l="530" t="1258" r="583" b="1273" x="2" y="41">Prices</W>
		<W l="590" t="1258" r="621" b="1273" x="3" y="41">and</W>
		<W l="630" t="1258" r="706" b="1273" x="4" y="41">Products</W>
		<W l="713" t="1258" r="753" b="1273" x="5" y="41">shall</W>
		<W l="760" t="1258" r="780" b="1273" x="6" y="41">be</W>
		<W l="787" t="1258" r="884" b="1274" x="7" y="41">determined</W>
		<W l="892" t="1259" r="942" b="1278" x="8" y="41">solely</W>
		<W l="950" t="1259" r="970" b="1278" x="9" y="41">by</W>
		<W l="976" t="1259" r="1023" b="1278" x="10" y="41">Apple</W>
		<W l="1031" t="1259" r="1062" b="1274" x="11" y="41">and</W>
		<W l="1071" t="1263" r="1107" b="1278" x="12" y="41">may</W>
		<W l="1115" t="1260" r="1134" b="1274" x="13" y="41">be</W>
		<W l="1142" t="1259" r="1215" b="1278" x="14" y="41">changed</W>
		<W l="1223" t="1259" r="1261" b="1274" x="15" y="41">from</W>
		<W l="1269" t="1259" r="1305" b="1274" x="16" y="41">time</W>
		<W l="1312" t="1261" r="1327" b="1274" x="17" y="41">to</W>
		<W l="1335" t="1259" r="1376" b="1274" x="18" y="41">time.</W>
		<W l="1385" t="1259" r="1438" b="1274" x="19" y="41">Prices</W>
		<W l="1445" t="1259" r="1465" b="1274" x="20" y="41">do</W>
		<W l="1473" t="1260" r="1499" b="1274" x="21" y="41">not</W>
		<W l="1507" t="1259" r="1567" b="1274" x="22" y="41">include</W>
		<W l="1575" t="1261" r="1621" b="1274" x="23" y="41">taxes</W>
		<W l="1628" t="1258" r="1645" b="1274" x="24" y="41">of</W>
		<W l="1651" t="1263" r="1682" b="1278" x="25" y="41">any</W>
		<W l="1689" t="1260" r="1743" b="1274" x="26" y="41">nature</W>
		<W l="1751" t="1258" r="1767" b="1278" x="27" y="41">(if</W>
		<W l="1773" t="1259" r="1844" b="1274" x="28" y="41">invoiced</W>
		<W l="1852" t="1259" r="1872" b="1278" x="29" y="41">by</W>
		<W l="1879" t="1259" r="1932" b="1277" x="30" y="41">Apple,</W>
		<W l="1940" t="1259" r="1981" b="1273" x="31" y="41">such</W>
		<W l="1989" t="1260" r="2036" b="1273" x="32" y="41">taxes</W>
	</L><L l="530" t="1280" b="1300" r="1657" i="42"><W l="530" t="1280" r="568" b="1294" x="1" y="42">shall</W>
		<W l="576" t="1280" r="596" b="1294" x="2" y="42">be</W>
		<W l="602" t="1280" r="655" b="1294" x="3" y="42">added</W>
		<W l="663" t="1282" r="678" b="1294" x="4" y="42">to</W>
		<W l="684" t="1281" r="710" b="1295" x="5" y="42">the</W>
		<W l="718" t="1280" r="758" b="1298" x="6" y="42">price</W>
		<W l="765" t="1281" r="796" b="1295" x="7" y="42">and</W>
		<W l="804" t="1280" r="838" b="1298" x="8" y="42">paid</W>
		<W l="847" t="1281" r="867" b="1299" x="9" y="42">by</W>
		<W l="873" t="1281" r="967" b="1300" x="10" y="42">Purchaser)</W>
		<W l="975" t="1282" r="1000" b="1296" x="11" y="42">but</W>
		<W l="1007" t="1282" r="1067" b="1296" x="12" y="42">include</W>
		<W l="1073" t="1282" r="1099" b="1296" x="13" y="42">the</W>
		<W l="1106" t="1283" r="1151" b="1296" x="14" y="42">costs</W>
		<W l="1157" t="1281" r="1174" b="1296" x="15" y="42">of</W>
		<W l="1178" t="1283" r="1255" b="1299" x="16" y="42">transport</W>
		<W l="1262" t="1282" r="1293" b="1296" x="17" y="42">and</W>
		<W l="1301" t="1282" r="1384" b="1296" x="18" y="42">insurance</W>
		<W l="1391" t="1282" r="1406" b="1296" x="19" y="42">to</W>
		<W l="1413" t="1282" r="1439" b="1296" x="20" y="42">the</W>
		<W l="1447" t="1281" r="1505" b="1300" x="21" y="42">agreed</W>
		<W l="1512" t="1281" r="1580" b="1299" x="22" y="42">delivery</W>
		<W l="1586" t="1281" r="1657" b="1295" x="23" y="42">location.</W>
	</L><L l="429" t="1301" b="1323" r="2036" i="43"><W l="429" t="1302" r="456" b="1317" x="1" y="43">4.4</W>
		<W l="530" t="1301" r="589" b="1317" x="2" y="43">Unless</W>
		<W l="596" t="1302" r="679" b="1317" x="3" y="43">otherwise</W>
		<W l="687" t="1302" r="752" b="1321" x="4" y="43">agreed,</W>
		<W l="760" t="1302" r="787" b="1317" x="5" y="43">the</W>
		<W l="795" t="1302" r="874" b="1321" x="6" y="43">purchase</W>
		<W l="883" t="1303" r="924" b="1322" x="7" y="43">price</W>
		<W l="932" t="1303" r="971" b="1318" x="8" y="43">shall</W>
		<W l="980" t="1303" r="999" b="1318" x="9" y="43">be</W>
		<W l="1008" t="1303" r="1042" b="1322" x="10" y="43">paid</W>
		<W l="1052" t="1303" r="1065" b="1318" x="11" y="43">in</W>
		<W l="1072" t="1303" r="1097" b="1318" x="12" y="43">full</W>
		<W l="1105" t="1303" r="1154" b="1318" x="13" y="43">within</W>
		<W l="1163" t="1304" r="1183" b="1318" x="14" y="43">30</W>
		<W l="1191" t="1303" r="1231" b="1323" x="15" y="43">days</W>
		<W l="1239" t="1302" r="1256" b="1318" x="16" y="43">of</W>
		<W l="1262" t="1303" r="1288" b="1318" x="17" y="43">the</W>
		<W l="1296" t="1303" r="1333" b="1318" x="18" y="43">date</W>
		<W l="1342" t="1302" r="1359" b="1318" x="19" y="43">of</W>
		<W l="1366" t="1303" r="1431" b="1318" x="20" y="43">invoice.</W>
		<W l="1439" t="1303" r="1539" b="1322" x="21" y="43">Acceptance</W>
		<W l="1548" t="1302" r="1565" b="1318" x="22" y="43">of</W>
		<W l="1571" t="1306" r="1603" b="1322" x="23" y="43">any</W>
		<W l="1610" t="1302" r="1672" b="1322" x="24" y="43">cheque</W>
		<W l="1681" t="1306" r="1698" b="1318" x="25" y="43">or</W>
		<W l="1705" t="1302" r="1743" b="1318" x="26" y="43">draft</W>
		<W l="1751" t="1302" r="1790" b="1317" x="27" y="43">shall</W>
		<W l="1799" t="1302" r="1819" b="1317" x="28" y="43">be</W>
		<W l="1827" t="1303" r="1843" b="1317" x="29" y="43">at</W>
		<W l="1851" t="1302" r="1877" b="1317" x="30" y="43">the</W>
		<W l="1885" t="1302" r="1919" b="1317" x="31" y="43">sole</W>
		<W l="1927" t="1302" r="2010" b="1317" x="32" y="43">discretion</W>
		<W l="2019" t="1302" r="2036" b="1317" x="33" y="43">of</W>
	</L><L l="529" t="1325" b="1345" r="2033" i="44"><W l="529" t="1325" r="578" b="1343" x="1" y="44">Apple</W>
		<W l="586" t="1325" r="617" b="1339" x="2" y="44">and</W>
		<W l="624" t="1325" r="664" b="1339" x="3" y="44">such</W>
		<W l="672" t="1326" r="771" b="1343" x="4" y="44">acceptance</W>
		<W l="778" t="1325" r="818" b="1339" x="5" y="44">shall</W>
		<W l="826" t="1326" r="852" b="1339" x="6" y="44">not</W>
		<W l="859" t="1326" r="942" b="1340" x="7" y="44">constitute</W>
		<W l="950" t="1327" r="1023" b="1345" x="8" y="44">payment</W>
		<W l="1031" t="1326" r="1065" b="1340" x="9" y="44">until</W>
		<W l="1072" t="1326" r="1121" b="1344" x="10" y="44">Apple</W>
		<W l="1128" t="1326" r="1167" b="1340" x="11" y="44">shall</W>
		<W l="1175" t="1326" r="1216" b="1340" x="12" y="44">have</W>
		<W l="1224" t="1326" r="1299" b="1340" x="13" y="44">collected</W>
		<W l="1306" t="1326" r="1332" b="1340" x="14" y="44">the</W>
		<W l="1341" t="1325" r="1365" b="1340" x="15" y="44">full</W>
		<W l="1372" t="1327" r="1437" b="1340" x="16" y="44">amount</W>
		<W l="1444" t="1326" r="1458" b="1340" x="17" y="44">in</W>
		<W l="1465" t="1326" r="1510" b="1340" x="18" y="44">cash.</W>
		<W l="1519" t="1326" r="1577" b="1340" x="19" y="44">Should</W>
		<W l="1586" t="1325" r="1675" b="1340" x="20" y="44">Purchaser</W>
		<W l="1680" t="1325" r="1704" b="1339" x="21" y="44">fail</W>
		<W l="1711" t="1326" r="1727" b="1339" x="22" y="44">to</W>
		<W l="1735" t="1329" r="1766" b="1344" x="23" y="44">pay</W>
		<W l="1772" t="1329" r="1804" b="1344" x="24" y="44">any</W>
		<W l="1810" t="1326" r="1875" b="1340" x="25" y="44">amount</W>
		<W l="1882" t="1326" r="1927" b="1339" x="26" y="44">when</W>
		<W l="1935" t="1326" r="1971" b="1342" x="27" y="44">due,</W>
		<W l="1979" t="1325" r="2033" b="1342" x="28" y="44">Apple,</W>
	</L><L l="530" t="1346" b="1366" r="2033" i="45"><W l="530" t="1346" r="543" b="1361" x="1" y="45">in</W>
		<W l="551" t="1346" r="618" b="1361" x="2" y="45">addition</W>
		<W l="626" t="1348" r="642" b="1361" x="3" y="45">to</W>
		<W l="650" t="1347" r="668" b="1361" x="4" y="45">its</W>
		<W l="676" t="1347" r="722" b="1362" x="5" y="45">other</W>
		<W l="729" t="1347" r="775" b="1366" x="6" y="45">rights</W>
		<W l="782" t="1347" r="813" b="1362" x="7" y="45">and</W>
		<W l="823" t="1348" r="906" b="1365" x="8" y="45">remedies,</W>
		<W l="915" t="1348" r="954" b="1363" x="9" y="45">shall</W>
		<W l="963" t="1348" r="982" b="1363" x="10" y="45">be</W>
		<W l="990" t="1348" r="1051" b="1363" x="11" y="45">entitled</W>
		<W l="1059" t="1350" r="1075" b="1363" x="12" y="45">to</W>
		<W l="1083" t="1348" r="1144" b="1363" x="13" y="45">receive</W>
		<W l="1153" t="1348" r="1171" b="1362" x="14" y="45">all</W>
		<W l="1179" t="1350" r="1224" b="1363" x="15" y="45">costs</W>
		<W l="1231" t="1347" r="1248" b="1362" x="16" y="45">of</W>
		<W l="1255" t="1348" r="1335" b="1363" x="17" y="45">collection</W>
		<W l="1344" t="1348" r="1379" b="1366" x="18" y="45">plus</W>
		<W l="1387" t="1347" r="1450" b="1362" x="19" y="45">interest</W>
		<W l="1457" t="1352" r="1478" b="1362" x="20" y="45">on</W>
		<W l="1485" t="1347" r="1504" b="1362" x="21" y="45">all</W>
		<W l="1513" t="1347" r="1569" b="1366" x="22" y="45">unpaid</W>
		<W l="1577" t="1348" r="1652" b="1362" x="23" y="45">amounts</W>
		<W l="1660" t="1347" r="1720" b="1366" x="24" y="45">(before</W>
		<W l="1728" t="1347" r="1759" b="1362" x="25" y="45">and</W>
		<W l="1768" t="1346" r="1807" b="1362" x="26" y="45">after</W>
		<W l="1813" t="1347" r="1895" b="1366" x="27" y="45">judgment</W>
		<W l="1903" t="1347" r="1937" b="1362" x="28" y="45">until</W>
		<W l="1944" t="1346" r="1979" b="1366" x="29" y="45">fully</W>
		<W l="1986" t="1346" r="2033" b="1366" x="30" y="45">paid),</W>
	</L><L l="529" t="1369" b="1390" r="2034" i="46"><W l="529" t="1369" r="616" b="1384" x="1" y="46">calculated</W>
		<W l="624" t="1370" r="641" b="1384" x="2" y="46">at</W>
		<W l="648" t="1369" r="674" b="1384" x="3" y="46">the</W>
		<W l="684" t="1371" r="716" b="1384" x="4" y="46">rate</W>
		<W l="724" t="1369" r="741" b="1384" x="5" y="46">of</W>
		<W l="749" t="1370" r="812" b="1384" x="6" y="46">interest</W>
		<W l="820" t="1369" r="911" b="1389" x="7" y="46">(computed</W>
		<W l="920" t="1370" r="960" b="1390" x="8" y="46">daily</W>
		<W l="967" t="1370" r="991" b="1385" x="9" y="46">for</W>
		<W l="997" t="1370" r="1039" b="1385" x="10" y="46">each</W>
		<W l="1047" t="1370" r="1078" b="1390" x="11" y="46">day</W>
		<W l="1086" t="1371" r="1119" b="1385" x="12" y="46">that</W>
		<W l="1127" t="1372" r="1201" b="1390" x="13" y="46">payment</W>
		<W l="1210" t="1371" r="1222" b="1385" x="14" y="46">is</W>
		<W l="1231" t="1370" r="1268" b="1390" x="15" y="46">late)</W>
		<W l="1275" t="1370" r="1293" b="1385" x="16" y="46">of</W>
		<W l="1300" t="1370" r="1326" b="1385" x="17" y="46">the</W>
		<W l="1334" t="1374" r="1366" b="1385" x="18" y="46">one</W>
		<W l="1376" t="1370" r="1428" b="1385" x="19" y="46">month</W>
		<W l="1437" t="1370" r="1475" b="1385" x="20" y="46">Inter</W>
		<W l="1484" t="1370" r="1527" b="1385" x="21" y="46">Bank</W>
		<W l="1536" t="1369" r="1585" b="1385" x="22" y="46">Office</W>
		<W l="1595" t="1370" r="1634" b="1384" x="23" y="46">Rate</W>
		<W l="1643" t="1370" r="1725" b="1389" x="24" y="46">prevailing</W>
		<W l="1734" t="1370" r="1748" b="1384" x="25" y="46">in</W>
		<W l="1756" t="1370" r="1782" b="1384" x="26" y="46">the</W>
		<W l="1791" t="1372" r="1855" b="1389" x="27" y="46">country</W>
		<W l="1863" t="1370" r="1916" b="1384" x="28" y="46">where</W>
		<W l="1925" t="1369" r="2014" b="1384" x="29" y="46">Purchaser</W>
		<W l="2021" t="1369" r="2034" b="1384" x="30" y="46">is</W>
	</L><L l="530" t="1392" b="1412" r="2033" i="47"><W l="530" t="1392" r="591" b="1406" x="1" y="47">located</W>
		<W l="600" t="1392" r="634" b="1410" x="2" y="47">plus</W>
		<W l="642" t="1392" r="669" b="1406" x="3" y="47">6%</W>
		<W l="678" t="1396" r="703" b="1410" x="4" y="47">pa.</W>
		<W l="712" t="1392" r="726" b="1406" x="5" y="47">In</W>
		<W l="734" t="1392" r="759" b="1406" x="6" y="47">the</W>
		<W l="767" t="1393" r="815" b="1406" x="7" y="47">event</W>
		<W l="823" t="1392" r="912" b="1407" x="8" y="47">Purchaser</W>
		<W l="919" t="1393" r="957" b="1407" x="9" y="47">shall</W>
		<W l="966" t="1392" r="1023" b="1407" x="10" y="47">default</W>
		<W l="1031" t="1397" r="1051" b="1407" x="11" y="47">on</W>
		<W l="1059" t="1397" r="1090" b="1412" x="12" y="47">any</W>
		<W l="1097" t="1393" r="1135" b="1407" x="13" y="47">debt</W>
		<W l="1142" t="1395" r="1157" b="1407" x="14" y="47">to</W>
		<W l="1165" t="1393" r="1214" b="1411" x="15" y="47">Apple</W>
		<W l="1222" t="1397" r="1239" b="1407" x="16" y="47">or</W>
		<W l="1246" t="1397" r="1277" b="1412" x="17" y="47">any</W>
		<W l="1284" t="1393" r="1321" b="1407" x="18" y="47">third</W>
		<W l="1330" t="1394" r="1373" b="1411" x="19" y="47">party</W>
		<W l="1380" t="1397" r="1398" b="1407" x="20" y="47">or</W>
		<W l="1405" t="1397" r="1455" b="1407" x="21" y="47">cause</W>
		<W l="1462" t="1397" r="1494" b="1411" x="22" y="47">any</W>
		<W l="1501" t="1394" r="1527" b="1406" x="23" y="47">act</W>
		<W l="1534" t="1396" r="1551" b="1406" x="24" y="47">or</W>
		<W l="1558" t="1392" r="1634" b="1406" x="25" y="47">omission</W>
		<W l="1643" t="1392" r="1714" b="1411" x="26" y="47">resulting</W>
		<W l="1723" t="1392" r="1736" b="1406" x="27" y="47">in</W>
		<W l="1745" t="1392" r="1804" b="1411" x="28" y="47">liability</W>
		<W l="1810" t="1392" r="1827" b="1406" x="29" y="47">of</W>
		<W l="1834" t="1396" r="1852" b="1406" x="30" y="47">or</W>
		<W l="1859" t="1392" r="1892" b="1406" x="31" y="47">loss</W>
		<W l="1899" t="1394" r="1914" b="1406" x="32" y="47">to</W>
		<W l="1923" t="1392" r="1975" b="1410" x="33" y="47">Apple,</W>
		<W l="1984" t="1392" r="2033" b="1410" x="34" y="47">Apple</W>
	</L><L l="530" t="1414" b="1434" r="1009" i="48"><W l="530" t="1418" r="566" b="1433" x="1" y="48">may</W>
		<W l="571" t="1414" r="641" b="1429" x="2" y="48">withhold</W>
		<W l="649" t="1418" r="680" b="1433" x="3" y="48">any</W>
		<W l="687" t="1418" r="732" b="1429" x="4" y="48">sums</W>
		<W l="739" t="1415" r="771" b="1429" x="5" y="48">that</W>
		<W l="776" t="1415" r="826" b="1433" x="6" y="48">Apple</W>
		<W l="833" t="1418" r="870" b="1434" x="7" y="48">may</W>
		<W l="875" t="1419" r="910" b="1430" x="8" y="48">owe</W>
		<W l="918" t="1415" r="1009" b="1430" x="9" y="48">Purchaser.</W>
	</L><L l="429" t="1436" b="1456" r="2034" i="49"><W l="429" t="1436" r="455" b="1450" x="1" y="49">4.5</W>
		<W l="529" t="1436" r="577" b="1451" x="2" y="49">Sales</W>
		<W l="585" t="1440" r="621" b="1455" x="3" y="49">may</W>
		<W l="628" t="1437" r="647" b="1451" x="4" y="49">be</W>
		<W l="656" t="1437" r="703" b="1451" x="5" y="49">made</W>
		<W l="710" t="1440" r="731" b="1451" x="6" y="49">on</W>
		<W l="738" t="1437" r="785" b="1451" x="7" y="49">credit</W>
		<W l="791" t="1438" r="839" b="1451" x="8" y="49">terms</W>
		<W l="847" t="1438" r="861" b="1452" x="9" y="49">in</W>
		<W l="867" t="1437" r="915" b="1452" x="10" y="49">effect</W>
		<W l="921" t="1439" r="937" b="1452" x="11" y="49">at</W>
		<W l="943" t="1438" r="969" b="1452" x="12" y="49">the</W>
		<W l="977" t="1438" r="1012" b="1452" x="13" y="49">time</W>
		<W l="1019" t="1441" r="1039" b="1452" x="14" y="49">an</W>
		<W l="1047" t="1438" r="1093" b="1452" x="15" y="49">order</W>
		<W l="1099" t="1438" r="1112" b="1452" x="16" y="49">is</W>
		<W l="1119" t="1438" r="1191" b="1456" x="17" y="49">shipped.</W>
		<W l="1199" t="1438" r="1247" b="1456" x="18" y="49">Apple</W>
		<W l="1255" t="1438" r="1294" b="1452" x="19" y="49">shall</W>
		<W l="1302" t="1438" r="1343" b="1452" x="20" y="49">have</W>
		<W l="1349" t="1438" r="1375" b="1452" x="21" y="49">the</W>
		<W l="1384" t="1438" r="1421" b="1456" x="22" y="49">right</W>
		<W l="1427" t="1438" r="1442" b="1452" x="23" y="49">to</W>
		<W l="1450" t="1438" r="1511" b="1456" x="24" y="49">change</W>
		<W l="1519" t="1437" r="1559" b="1451" x="25" y="49">such</W>
		<W l="1567" t="1436" r="1615" b="1451" x="26" y="49">credit</W>
		<W l="1621" t="1437" r="1734" b="1455" x="27" y="49">requirements</W>
		<W l="1741" t="1438" r="1757" b="1451" x="28" y="49">at</W>
		<W l="1763" t="1441" r="1795" b="1456" x="29" y="49">any</W>
		<W l="1800" t="1437" r="1842" b="1451" x="30" y="49">time.</W>
		<W l="1850" t="1436" r="1939" b="1451" x="31" y="49">Purchaser</W>
		<W l="1945" t="1436" r="1983" b="1451" x="32" y="49">shall</W>
		<W l="1992" t="1438" r="2034" b="1451" x="33" y="49">meet</W>
	</L><L l="529" t="1458" b="1478" r="2033" i="50"><W l="529" t="1458" r="560" b="1473" x="1" y="50">and</W>
		<W l="568" t="1458" r="629" b="1477" x="2" y="50">comply</W>
		<W l="634" t="1458" r="668" b="1473" x="3" y="50">with</W>
		<W l="676" t="1458" r="739" b="1477" x="4" y="50">Apple's</W>
		<W l="747" t="1458" r="823" b="1473" x="5" y="50">minimum</W>
		<W l="831" t="1459" r="879" b="1474" x="6" y="50">credit</W>
		<W l="885" t="1459" r="998" b="1478" x="7" y="50">requirements</W>
		<W l="1004" t="1460" r="1035" b="1474" x="8" y="50">and</W>
		<W l="1043" t="1460" r="1118" b="1478" x="9" y="50">promptly</W>
		<W l="1124" t="1462" r="1210" b="1478" x="10" y="50">cooperate</W>
		<W l="1216" t="1459" r="1249" b="1474" x="11" y="50">with</W>
		<W l="1256" t="1460" r="1305" b="1478" x="12" y="50">Apple</W>
		<W l="1313" t="1459" r="1327" b="1474" x="13" y="50">in</W>
		<W l="1334" t="1459" r="1435" b="1478" x="14" y="50">determining</W>
		<W l="1443" t="1458" r="1545" b="1474" x="15" y="50">Purchaser's</W>
		<W l="1551" t="1459" r="1625" b="1478" x="16" y="50">eligibility</W>
		<W l="1631" t="1458" r="1654" b="1473" x="17" y="50">for</W>
		<W l="1660" t="1458" r="1711" b="1473" x="18" y="50">credit.</W>
		<W l="1718" t="1459" r="1795" b="1478" x="19" y="50">Although</W>
		<W l="1801" t="1459" r="1851" b="1477" x="20" y="50">Apple</W>
		<W l="1858" t="1463" r="1895" b="1478" x="21" y="50">may</W>
		<W l="1901" t="1458" r="1958" b="1473" x="22" y="50">extend</W>
		<W l="1965" t="1458" r="2012" b="1473" x="23" y="50">credit</W>
		<W l="2018" t="1460" r="2033" b="1473" x="24" y="50">to</W>
	</L><L l="529" t="1481" b="1501" r="1573" i="51"><W l="529" t="1481" r="622" b="1498" x="1" y="51">Purchaser,</W>
		<W l="629" t="1481" r="678" b="1499" x="2" y="51">Apple</W>
		<W l="686" t="1485" r="722" b="1500" x="3" y="51">may</W>
		<W l="728" t="1481" r="791" b="1496" x="4" y="51">declare</W>
		<W l="797" t="1481" r="816" b="1496" x="5" y="51">all</W>
		<W l="823" t="1485" r="869" b="1497" x="6" y="51">sums</W>
		<W l="875" t="1482" r="980" b="1501" x="7" y="51">immediately</W>
		<W l="985" t="1482" r="1016" b="1497" x="8" y="51">due</W>
		<W l="1022" t="1482" r="1053" b="1497" x="9" y="51">and</W>
		<W l="1061" t="1482" r="1128" b="1501" x="10" y="51">payable</W>
		<W l="1135" t="1484" r="1151" b="1497" x="11" y="51">at</W>
		<W l="1157" t="1486" r="1188" b="1501" x="12" y="51">any</W>
		<W l="1194" t="1482" r="1229" b="1497" x="13" y="51">time</W>
		<W l="1236" t="1482" r="1267" b="1497" x="14" y="51">and</W>
		<W l="1274" t="1482" r="1336" b="1497" x="15" y="51">without</W>
		<W l="1343" t="1482" r="1392" b="1501" x="16" y="51">giving</W>
		<W l="1399" t="1486" r="1431" b="1501" x="17" y="51">any</W>
		<W l="1438" t="1486" r="1495" b="1497" x="18" y="51">reason</W>
		<W l="1501" t="1481" r="1573" b="1496" x="19" y="51">therefor.</W>
	</L><L l="429" t="1502" b="1524" r="2033" i="52"><W l="429" t="1503" r="454" b="1517" x="1" y="52">4.6</W>
		<W l="529" t="1502" r="611" b="1522" x="2" y="52">Shipment</W>
		<W l="620" t="1507" r="638" b="1518" x="3" y="52">or</W>
		<W l="645" t="1503" r="713" b="1522" x="4" y="52">delivery</W>
		<W l="721" t="1503" r="768" b="1518" x="5" y="52">dates</W>
		<W l="777" t="1502" r="853" b="1522" x="6" y="52">specified</W>
		<W l="863" t="1504" r="877" b="1519" x="7" y="52">in</W>
		<W l="887" t="1508" r="918" b="1524" x="8" y="52">any</W>
		<W l="926" t="1504" r="972" b="1519" x="9" y="52">order</W>
		<W l="980" t="1508" r="997" b="1519" x="10" y="52">or</W>
		<W l="1004" t="1504" r="1087" b="1519" x="11" y="52">otherwise</W>
		<W l="1096" t="1508" r="1123" b="1519" x="12" y="52">are</W>
		<W l="1133" t="1504" r="1216" b="1519" x="13" y="52">estimates</W>
		<W l="1225" t="1504" r="1264" b="1524" x="14" y="52">only.</W>
		<W l="1274" t="1504" r="1323" b="1523" x="15" y="52">Apple</W>
		<W l="1334" t="1508" r="1371" b="1523" x="16" y="52">may</W>
		<W l="1378" t="1505" r="1443" b="1523" x="17" y="52">attempt</W>
		<W l="1451" t="1505" r="1466" b="1519" x="18" y="52">to</W>
		<W l="1476" t="1503" r="1548" b="1522" x="19" y="52">expedite</W>
		<W l="1558" t="1504" r="1613" b="1518" x="20" y="52">orders</W>
		<W l="1623" t="1504" r="1642" b="1523" x="21" y="52">by</W>
		<W l="1651" t="1504" r="1711" b="1523" x="22" y="52">making</W>
		<W l="1723" t="1503" r="1774" b="1522" x="23" y="52">partial</W>
		<W l="1783" t="1503" r="1872" b="1522" x="24" y="52">shipments</W>
		<W l="1881" t="1507" r="1899" b="1518" x="25" y="52">or</W>
		<W l="1907" t="1503" r="1927" b="1523" x="26" y="52">by</W>
		<W l="1935" t="1503" r="2033" b="1523" x="27" y="52">substituting</W>
	</L><L l="529" t="1525" b="1547" r="2033" i="53"><W l="529" t="1526" r="604" b="1545" x="1" y="53">products</W>
		<W l="610" t="1525" r="627" b="1541" x="2" y="53">of</W>
		<W l="632" t="1526" r="679" b="1545" x="3" y="53">equal</W>
		<W l="686" t="1530" r="703" b="1541" x="4" y="53">or</W>
		<W l="711" t="1526" r="759" b="1541" x="5" y="53">better</W>
		<W l="765" t="1526" r="869" b="1547" x="6" y="53">functionality</W>
		<W l="875" t="1527" r="898" b="1542" x="7" y="53">for</W>
		<W l="905" t="1527" r="979" b="1546" x="8" y="53">products</W>
		<W l="985" t="1527" r="1050" b="1542" x="9" y="53">ordered</W>
		<W l="1059" t="1527" r="1079" b="1546" x="10" y="53">by</W>
		<W l="1086" t="1527" r="1179" b="1542" x="11" y="53">Purchaser.</W>
		<W l="1186" t="1527" r="1239" b="1542" x="12" y="53">Partial</W>
		<W l="1247" t="1527" r="1336" b="1546" x="13" y="53">shipments</W>
		<W l="1343" t="1527" r="1369" b="1542" x="14" y="53">will</W>
		<W l="1377" t="1527" r="1396" b="1542" x="15" y="53">be</W>
		<W l="1404" t="1526" r="1474" b="1542" x="16" y="53">invoiced</W>
		<W l="1482" t="1527" r="1576" b="1546" x="17" y="53">separately.</W>
		<W l="1584" t="1526" r="1643" b="1541" x="18" y="53">Failure</W>
		<W l="1649" t="1526" r="1666" b="1541" x="19" y="53">of</W>
		<W l="1673" t="1526" r="1761" b="1541" x="20" y="53">Purchaser</W>
		<W l="1767" t="1528" r="1782" b="1541" x="21" y="53">to</W>
		<W l="1790" t="1526" r="1843" b="1541" x="22" y="53">inform</W>
		<W l="1850" t="1526" r="1899" b="1545" x="23" y="53">Apple</W>
		<W l="1906" t="1526" r="1924" b="1541" x="24" y="53">of</W>
		<W l="1928" t="1530" r="1959" b="1545" x="25" y="53">any</W>
		<W l="1966" t="1526" r="2033" b="1541" x="26" y="53">shortfall</W>
	</L><L l="528" t="1548" b="1568" r="2033" i="54"><W l="528" t="1552" r="546" b="1562" x="1" y="54">or</W>
		<W l="552" t="1552" r="594" b="1562" x="2" y="54">error</W>
		<W l="600" t="1549" r="614" b="1562" x="3" y="54">in</W>
		<W l="620" t="1549" r="687" b="1567" x="4" y="54">delivery</W>
		<W l="694" t="1552" r="712" b="1563" x="5" y="54">or</W>
		<W l="718" t="1549" r="787" b="1567" x="6" y="54">damage</W>
		<W l="795" t="1550" r="856" b="1564" x="7" y="54">caused</W>
		<W l="864" t="1550" r="878" b="1564" x="8" y="54">in</W>
		<W l="885" t="1550" r="961" b="1564" x="9" y="54">Products</W>
		<W l="969" t="1550" r="983" b="1564" x="10" y="54">in</W>
		<W l="989" t="1550" r="1041" b="1564" x="11" y="54">transit</W>
		<W l="1047" t="1550" r="1097" b="1564" x="12" y="54">within</W>
		<W l="1103" t="1549" r="1133" b="1564" x="13" y="54">five</W>
		<W l="1140" t="1550" r="1206" b="1568" x="14" y="54">working</W>
		<W l="1214" t="1550" r="1255" b="1568" x="15" y="54">days</W>
		<W l="1261" t="1549" r="1336" b="1568" x="16" y="54">following</W>
		<W l="1344" t="1550" r="1412" b="1568" x="17" y="54">delivery</W>
		<W l="1417" t="1553" r="1435" b="1564" x="18" y="54">or</W>
		<W l="1442" t="1550" r="1493" b="1567" x="19" y="54">partial</W>
		<W l="1500" t="1550" r="1567" b="1567" x="20" y="54">delivery</W>
		<W l="1573" t="1549" r="1612" b="1563" x="21" y="54">shall</W>
		<W l="1620" t="1549" r="1702" b="1563" x="22" y="54">constitute</W>
		<W l="1709" t="1552" r="1719" b="1563" x="23" y="54">a</W>
		<W l="1726" t="1549" r="1783" b="1563" x="24" y="54">waiver</W>
		<W l="1789" t="1548" r="1806" b="1563" x="25" y="54">of</W>
		<W l="1811" t="1553" r="1843" b="1567" x="26" y="54">any</W>
		<W l="1849" t="1548" r="1894" b="1563" x="27" y="54">claim</W>
		<W l="1902" t="1549" r="1963" b="1567" x="28" y="54">relating</W>
		<W l="1971" t="1550" r="1986" b="1563" x="29" y="54">to</W>
		<W l="1993" t="1549" r="2033" b="1563" x="30" y="54">such</W>
	</L><L l="529" t="1570" b="1585" r="671" i="55"><W l="529" t="1570" r="596" b="1585" x="1" y="55">shortfall</W>
		<W l="603" t="1574" r="621" b="1585" x="2" y="55">or</W>
		<W l="626" t="1574" r="671" b="1585" x="3" y="55">error.</W>
	</L><L l="429" t="1614" b="1629" r="555" i="56"><W l="429" t="1616" r="443" b="1629" x="1" y="56">5.</W>
		<W l="480" t="1614" r="555" b="1629" x="2" y="56">Software</W>
	</L><L l="428" t="1659" b="1680" r="2033" i="57"><W l="428" t="1660" r="452" b="1675" x="1" y="57">5.1</W>
		<W l="528" t="1659" r="561" b="1675" x="2" y="57">The</W>
		<W l="569" t="1660" r="652" b="1675" x="3" y="57">End-User</W>
		<W l="658" t="1660" r="671" b="1675" x="4" y="57">is</W>
		<W l="678" t="1660" r="748" b="1675" x="5" y="57">licensed</W>
		<W l="756" t="1660" r="818" b="1679" x="6" y="57">directly</W>
		<W l="825" t="1661" r="844" b="1680" x="7" y="57">by</W>
		<W l="850" t="1661" r="900" b="1680" x="8" y="57">Apple</W>
		<W l="908" t="1661" r="933" b="1676" x="9" y="57">Inc</W>
		<W l="939" t="1661" r="1001" b="1680" x="10" y="57">(unless</W>
		<W l="1008" t="1661" r="1090" b="1676" x="11" y="57">otherwise</W>
		<W l="1098" t="1661" r="1157" b="1680" x="12" y="57">stated)</W>
		<W l="1164" t="1662" r="1179" b="1676" x="13" y="57">to</W>
		<W l="1187" t="1665" r="1217" b="1676" x="14" y="57">use</W>
		<W l="1224" t="1661" r="1249" b="1676" x="15" y="57">the</W>
		<W l="1257" t="1660" r="1338" b="1678" x="16" y="57">Software,</W>
		<W l="1346" t="1660" r="1408" b="1680" x="17" y="57">subject</W>
		<W l="1415" t="1662" r="1430" b="1676" x="18" y="57">to</W>
		<W l="1437" t="1661" r="1462" b="1676" x="19" y="57">the</W>
		<W l="1470" t="1662" r="1518" b="1675" x="20" y="57">terms</W>
		<W l="1525" t="1660" r="1542" b="1675" x="21" y="57">of</W>
		<W l="1548" t="1660" r="1574" b="1675" x="22" y="57">the</W>
		<W l="1581" t="1660" r="1668" b="1679" x="23" y="57">applicable</W>
		<W l="1676" t="1660" r="1735" b="1675" x="24" y="57">license</W>
		<W l="1742" t="1660" r="1773" b="1675" x="25" y="57">and</W>
		<W l="1781" t="1660" r="1819" b="1675" x="26" y="57">laws</W>
		<W l="1826" t="1660" r="1858" b="1675" x="27" y="57">and</W>
		<W l="1865" t="1660" r="1892" b="1675" x="28" y="57">the</W>
		<W l="1900" t="1660" r="1988" b="1675" x="29" y="57">Purchaser</W>
		<W l="1994" t="1660" r="2033" b="1675" x="30" y="57">shall</W>
	</L><L l="529" t="1682" b="1702" r="1911" i="58"><W l="529" t="1686" r="559" b="1697" x="1" y="58">use</W>
		<W l="566" t="1682" r="584" b="1697" x="2" y="58">all</W>
		<W l="592" t="1682" r="686" b="1697" x="3" y="58">reasonable</W>
		<W l="693" t="1682" r="748" b="1697" x="4" y="58">efforts</W>
		<W l="754" t="1684" r="768" b="1697" x="5" y="58">to</W>
		<W l="776" t="1682" r="828" b="1698" x="6" y="58">inform</W>
		<W l="835" t="1684" r="861" b="1698" x="7" y="58">the</W>
		<W l="869" t="1683" r="951" b="1698" x="8" y="58">End-User</W>
		<W l="958" t="1684" r="978" b="1702" x="9" y="58">by</W>
		<W l="983" t="1683" r="1075" b="1702" x="10" y="58">distributing</W>
		<W l="1082" t="1686" r="1097" b="1698" x="11" y="58">to</W>
		<W l="1104" t="1684" r="1130" b="1698" x="12" y="58">the</W>
		<W l="1138" t="1683" r="1220" b="1698" x="13" y="58">End-User</W>
		<W l="1225" t="1683" r="1251" b="1698" x="14" y="58">the</W>
		<W l="1258" t="1684" r="1327" b="1698" x="15" y="58">relevant</W>
		<W l="1334" t="1683" r="1410" b="1698" x="16" y="58">Software</W>
		<W l="1417" t="1683" r="1491" b="1702" x="17" y="58">licensing</W>
		<W l="1498" t="1683" r="1626" b="1697" x="18" y="58">documentation</W>
		<W l="1633" t="1687" r="1653" b="1697" x="19" y="58">as</W>
		<W l="1659" t="1683" r="1690" b="1697" x="20" y="58">and</W>
		<W l="1696" t="1683" r="1742" b="1697" x="21" y="58">when</W>
		<W l="1750" t="1683" r="1823" b="1701" x="22" y="58">provided</W>
		<W l="1831" t="1683" r="1851" b="1701" x="23" y="58">by</W>
		<W l="1856" t="1683" r="1911" b="1701" x="24" y="58">Apple.</W>
	</L><L l="428" t="1705" b="1725" r="2034" i="59"><W l="428" t="1705" r="454" b="1719" x="1" y="59">5.2</W>
		<W l="529" t="1705" r="588" b="1720" x="2" y="59">Unless</W>
		<W l="595" t="1705" r="678" b="1720" x="3" y="59">otherwise</W>
		<W l="687" t="1705" r="743" b="1722" x="4" y="59">stated,</W>
		<W l="752" t="1705" r="771" b="1720" x="5" y="59">all</W>
		<W l="779" t="1705" r="826" b="1724" x="6" y="59">rights</W>
		<W l="833" t="1706" r="847" b="1720" x="7" y="59">in</W>
		<W l="856" t="1706" r="931" b="1721" x="8" y="59">Software</W>
		<W l="939" t="1710" r="966" b="1721" x="9" y="59">are</W>
		<W l="975" t="1706" r="1068" b="1725" x="10" y="59">proprietary</W>
		<W l="1074" t="1708" r="1090" b="1720" x="11" y="59">to</W>
		<W l="1098" t="1706" r="1147" b="1724" x="12" y="59">Apple</W>
		<W l="1155" t="1706" r="1180" b="1720" x="13" y="59">Inc</W>
		<W l="1187" t="1708" r="1244" b="1724" x="14" y="59">except</W>
		<W l="1252" t="1710" r="1271" b="1720" x="15" y="59">as</W>
		<W l="1280" t="1706" r="1363" b="1725" x="16" y="59">expressly</W>
		<W l="1370" t="1706" r="1459" b="1720" x="17" y="59">authorised</W>
		<W l="1469" t="1706" r="1489" b="1724" x="18" y="59">by</W>
		<W l="1495" t="1706" r="1544" b="1724" x="19" y="59">Apple</W>
		<W l="1552" t="1710" r="1570" b="1720" x="20" y="59">or</W>
		<W l="1577" t="1710" r="1597" b="1720" x="21" y="59">as</W>
		<W l="1605" t="1705" r="1685" b="1723" x="22" y="59">permitted</W>
		<W l="1693" t="1705" r="1713" b="1724" x="23" y="59">by</W>
		<W l="1720" t="1705" r="1807" b="1723" x="24" y="59">applicable</W>
		<W l="1816" t="1705" r="1858" b="1722" x="25" y="59">laws,</W>
		<W l="1868" t="1705" r="1956" b="1719" x="26" y="59">Purchaser</W>
		<W l="1964" t="1709" r="2000" b="1724" x="27" y="59">may</W>
		<W l="2008" t="1707" r="2034" b="1719" x="28" y="59">not</W>
	</L><L l="529" t="1726" b="1747" r="2032" i="60"><W l="529" t="1729" r="604" b="1745" x="1" y="60">separate</W>
		<W l="613" t="1727" r="639" b="1741" x="2" y="60">the</W>
		<W l="649" t="1726" r="725" b="1742" x="3" y="60">Software</W>
		<W l="733" t="1726" r="772" b="1741" x="4" y="60">from</W>
		<W l="781" t="1731" r="813" b="1747" x="5" y="60">any</W>
		<W l="821" t="1728" r="913" b="1743" x="6" y="60">associated</W>
		<W l="924" t="1728" r="993" b="1745" x="7" y="60">Product,</W>
		<W l="1004" t="1732" r="1047" b="1747" x="8" y="60">copy,</W>
		<W l="1058" t="1728" r="1137" b="1745" x="9" y="60">translate,</W>
		<W l="1147" t="1728" r="1199" b="1747" x="10" y="60">adapt,</W>
		<W l="1210" t="1732" r="1247" b="1747" x="11" y="60">vary</W>
		<W l="1255" t="1732" r="1272" b="1742" x="12" y="60">or</W>
		<W l="1281" t="1727" r="1342" b="1747" x="13" y="60">modify,</W>
		<W l="1353" t="1732" r="1418" b="1746" x="14" y="60">prepare</W>
		<W l="1428" t="1727" r="1510" b="1742" x="15" y="60">derivative</W>
		<W l="1519" t="1727" r="1570" b="1742" x="16" y="60">works</W>
		<W l="1579" t="1727" r="1643" b="1744" x="17" y="60">thereof,</W>
		<W l="1653" t="1727" r="1765" b="1744" x="18" y="60">disassemble,</W>
		<W l="1776" t="1727" r="1869" b="1746" x="19" y="60">decompile,</W>
		<W l="1880" t="1731" r="1943" b="1742" x="20" y="60">reverse</W>
		<W l="1952" t="1727" r="2032" b="1746" x="21" y="60">engineer,</W>
	</L><L l="529" t="1749" b="1769" r="2035" i="61"><W l="529" t="1753" r="583" b="1768" x="1" y="61">merge</W>
		<W l="590" t="1753" r="608" b="1764" x="2" y="61">or</W>
		<W l="614" t="1749" r="686" b="1764" x="3" y="61">combine</W>
		<W l="693" t="1749" r="728" b="1764" x="4" y="61">with</W>
		<W l="735" t="1750" r="779" b="1764" x="5" y="61">other</W>
		<W l="785" t="1750" r="863" b="1767" x="6" y="61">software,</W>
		<W l="871" t="1754" r="889" b="1765" x="7" y="61">or</W>
		<W l="895" t="1750" r="977" b="1765" x="8" y="61">otherwise</W>
		<W l="984" t="1750" r="1046" b="1769" x="9" y="61">change</W>
		<W l="1054" t="1754" r="1086" b="1769" x="10" y="61">any</W>
		<W l="1091" t="1750" r="1108" b="1765" x="11" y="61">of</W>
		<W l="1113" t="1750" r="1140" b="1765" x="12" y="61">the</W>
		<W l="1148" t="1750" r="1223" b="1765" x="13" y="61">Software</W>
		<W l="1230" t="1754" r="1247" b="1765" x="14" y="61">or</W>
		<W l="1254" t="1750" r="1272" b="1765" x="15" y="61">its</W>
		<W l="1279" t="1750" r="1327" b="1765" x="16" y="61">forms</W>
		<W l="1335" t="1750" r="1355" b="1769" x="17" y="61">(in</W>
		<W l="1362" t="1750" r="1412" b="1765" x="18" y="61">whole</W>
		<W l="1420" t="1754" r="1437" b="1765" x="19" y="61">or</W>
		<W l="1444" t="1750" r="1458" b="1765" x="20" y="61">in</W>
		<W l="1464" t="1750" r="1508" b="1768" x="21" y="61">part).</W>
		<W l="1516" t="1750" r="1605" b="1764" x="22" y="61">Purchaser</W>
		<W l="1611" t="1750" r="1650" b="1764" x="23" y="61">shall</W>
		<W l="1658" t="1751" r="1716" b="1768" x="24" y="61">protect</W>
		<W l="1723" t="1750" r="1749" b="1764" x="25" y="61">the</W>
		<W l="1757" t="1749" r="1832" b="1764" x="26" y="61">Software</W>
		<W l="1839" t="1749" r="1878" b="1764" x="27" y="61">from</W>
		<W l="1885" t="1753" r="1917" b="1768" x="28" y="61">any</W>
		<W l="1923" t="1750" r="2009" b="1764" x="29" y="61">disclosure</W>
		<W l="2017" t="1753" r="2035" b="1764" x="30" y="61">or</W>
	</L><L l="529" t="1772" b="1792" r="1710" i="62"><W l="529" t="1776" r="559" b="1786" x="1" y="62">use</W>
		<W l="567" t="1772" r="580" b="1786" x="2" y="62">in</W>
		<W l="586" t="1772" r="657" b="1786" x="3" y="62">violation</W>
		<W l="664" t="1772" r="681" b="1786" x="4" y="62">of</W>
		<W l="686" t="1773" r="732" b="1787" x="5" y="62">these</W>
		<W l="739" t="1773" r="787" b="1787" x="6" y="62">terms</W>
		<W l="794" t="1774" r="825" b="1788" x="7" y="62">and</W>
		<W l="832" t="1777" r="892" b="1792" x="8" y="62">agrees</W>
		<W l="897" t="1774" r="913" b="1788" x="9" y="62">to</W>
		<W l="920" t="1773" r="1007" b="1792" x="10" y="62">participate</W>
		<W l="1015" t="1773" r="1029" b="1788" x="11" y="62">in</W>
		<W l="1036" t="1773" r="1131" b="1788" x="12" y="62">reasonable</W>
		<W l="1139" t="1777" r="1220" b="1792" x="13" y="62">programs</W>
		<W l="1226" t="1777" r="1244" b="1787" x="14" y="62">or</W>
		<W l="1249" t="1773" r="1311" b="1787" x="15" y="62">actions</W>
		<W l="1317" t="1773" r="1395" b="1792" x="16" y="62">designed</W>
		<W l="1403" t="1774" r="1418" b="1787" x="17" y="62">to</W>
		<W l="1426" t="1774" r="1483" b="1791" x="18" y="62">protect</W>
		<W l="1489" t="1772" r="1553" b="1790" x="19" y="62">Apple's</W>
		<W l="1560" t="1772" r="1654" b="1791" x="20" y="62">proprietary</W>
		<W l="1659" t="1772" r="1710" b="1791" x="21" y="62">rights.</W>
	</L><L l="428" t="1794" b="1814" r="2033" i="63"><W l="428" t="1795" r="455" b="1809" x="1" y="63">5.3</W>
		<W l="529" t="1794" r="588" b="1809" x="2" y="63">Unless</W>
		<W l="595" t="1794" r="678" b="1809" x="3" y="63">instructed</W>
		<W l="685" t="1794" r="767" b="1809" x="4" y="63">otherwise</W>
		<W l="775" t="1794" r="796" b="1813" x="5" y="63">by</W>
		<W l="801" t="1796" r="855" b="1814" x="6" y="63">Apple,</W>
		<W l="864" t="1795" r="873" b="1810" x="7" y="63">if</W>
		<W l="878" t="1796" r="904" b="1810" x="8" y="63">the</W>
		<W l="912" t="1795" r="1001" b="1810" x="9" y="63">Purchaser</W>
		<W l="1007" t="1795" r="1020" b="1810" x="10" y="63">is</W>
		<W l="1027" t="1795" r="1099" b="1814" x="11" y="63">provided</W>
		<W l="1107" t="1795" r="1141" b="1810" x="12" y="63">with</W>
		<W l="1147" t="1795" r="1230" b="1810" x="13" y="63">additional</W>
		<W l="1237" t="1799" r="1255" b="1810" x="14" y="63">or</W>
		<W l="1261" t="1795" r="1322" b="1810" x="15" y="63">revised</W>
		<W l="1330" t="1795" r="1385" b="1813" x="16" y="63">copies</W>
		<W l="1392" t="1794" r="1410" b="1809" x="17" y="63">of</W>
		<W l="1415" t="1795" r="1441" b="1809" x="18" y="63">the</W>
		<W l="1449" t="1794" r="1529" b="1812" x="19" y="63">Software,</W>
		<W l="1537" t="1795" r="1626" b="1809" x="20" y="63">Purchaser</W>
		<W l="1631" t="1795" r="1671" b="1809" x="21" y="63">shall</W>
		<W l="1677" t="1799" r="1697" b="1809" x="22" y="63">as</W>
		<W l="1703" t="1794" r="1767" b="1813" x="23" y="63">Apple's</W>
		<W l="1774" t="1796" r="1823" b="1813" x="24" y="63">agent</W>
		<W l="1829" t="1798" r="1859" b="1809" x="25" y="63">use</W>
		<W l="1867" t="1795" r="1907" b="1809" x="26" y="63">such</W>
		<W l="1914" t="1794" r="1969" b="1813" x="27" y="63">copies</W>
		<W l="1976" t="1794" r="2012" b="1813" x="28" y="63">only</W>
		<W l="2018" t="1796" r="2033" b="1809" x="29" y="63">to</W>
	</L><L l="529" t="1816" b="1836" r="2033" i="64"><W l="529" t="1816" r="591" b="1835" x="1" y="64">replace</W>
		<W l="600" t="1816" r="655" b="1835" x="2" y="64">copies</W>
		<W l="662" t="1816" r="679" b="1831" x="3" y="64">of</W>
		<W l="685" t="1817" r="711" b="1831" x="4" y="64">the</W>
		<W l="719" t="1816" r="794" b="1831" x="5" y="64">Software</W>
		<W l="803" t="1817" r="873" b="1832" x="6" y="64">included</W>
		<W l="881" t="1817" r="915" b="1832" x="7" y="64">with</W>
		<W l="922" t="1818" r="948" b="1832" x="8" y="64">the</W>
		<W l="957" t="1817" r="1037" b="1832" x="9" y="64">Products.</W>
		<W l="1045" t="1817" r="1134" b="1832" x="10" y="64">Purchaser</W>
		<W l="1141" t="1817" r="1180" b="1832" x="11" y="64">shall</W>
		<W l="1187" t="1822" r="1226" b="1832" x="12" y="64">save</W>
		<W l="1234" t="1821" r="1266" b="1836" x="13" y="64">any</W>
		<W l="1272" t="1817" r="1312" b="1832" x="14" y="64">such</W>
		<W l="1321" t="1817" r="1394" b="1836" x="15" y="64">replaced</W>
		<W l="1402" t="1821" r="1444" b="1836" x="16" y="64">copy</W>
		<W l="1451" t="1817" r="1485" b="1832" x="17" y="64">until</W>
		<W l="1492" t="1816" r="1553" b="1831" x="18" y="64">notified</W>
		<W l="1562" t="1817" r="1582" b="1836" x="19" y="64">by</W>
		<W l="1588" t="1817" r="1637" b="1835" x="20" y="64">Apple</W>
		<W l="1645" t="1821" r="1665" b="1831" x="21" y="64">as</W>
		<W l="1672" t="1818" r="1687" b="1831" x="22" y="64">to</W>
		<W l="1694" t="1816" r="1720" b="1831" x="23" y="64">the</W>
		<W l="1728" t="1821" r="1785" b="1835" x="24" y="64">proper</W>
		<W l="1792" t="1817" r="1855" b="1831" x="25" y="64">method</W>
		<W l="1863" t="1816" r="1880" b="1831" x="26" y="64">of</W>
		<W l="1886" t="1816" r="1956" b="1835" x="27" y="64">disposal</W>
		<W l="1963" t="1816" r="1980" b="1831" x="28" y="64">of</W>
		<W l="1986" t="1820" r="2033" b="1831" x="29" y="64">same</W>
	</L><L l="528" t="1839" b="1859" r="972" i="65"><W l="528" t="1839" r="559" b="1853" x="1" y="65">and</W>
		<W l="567" t="1839" r="606" b="1853" x="2" y="65">shall</W>
		<W l="612" t="1839" r="679" b="1857" x="3" y="65">dispose</W>
		<W l="686" t="1839" r="703" b="1853" x="4" y="65">of</W>
		<W l="707" t="1839" r="734" b="1853" x="5" y="65">the</W>
		<W l="742" t="1839" r="814" b="1858" x="6" y="65">replaced</W>
		<W l="821" t="1844" r="862" b="1859" x="7" y="65">copy</W>
		<W l="868" t="1840" r="972" b="1859" x="8" y="65">accordingly.</W>
	</L><L l="428" t="1884" b="1903" r="670" i="66"><W l="428" t="1884" r="443" b="1898" x="1" y="66">6.</W>
		<W l="479" t="1884" r="543" b="1903" x="2" y="66">Liability</W>
		<W l="549" t="1884" r="580" b="1898" x="3" y="66">and</W>
		<W l="588" t="1884" r="670" b="1898" x="4" y="66">Limitation</W>
	</L><L l="428" t="1928" b="1948" r="2033" i="67"><W l="428" t="1929" r="451" b="1943" x="1" y="67">6.1</W>
		<W l="528" t="1928" r="592" b="1947" x="2" y="67">Apple's</W>
		<W l="599" t="1930" r="686" b="1947" x="3" y="67">aggregate</W>
		<W l="695" t="1928" r="753" b="1947" x="4" y="67">liability</W>
		<W l="759" t="1928" r="776" b="1947" x="5" y="67">(if</W>
		<W l="781" t="1929" r="819" b="1948" x="6" y="67">any)</W>
		<W l="827" t="1929" r="877" b="1944" x="7" y="67">under</W>
		<W l="883" t="1929" r="913" b="1944" x="8" y="67">this</W>
		<W l="920" t="1930" r="1015" b="1948" x="9" y="67">Agreement</W>
		<W l="1022" t="1929" r="1061" b="1944" x="10" y="67">shall</W>
		<W l="1069" t="1929" r="1083" b="1944" x="11" y="67">in</W>
		<W l="1091" t="1933" r="1110" b="1944" x="12" y="67">no</W>
		<W l="1119" t="1929" r="1242" b="1944" x="13" y="67">circumstances</W>
		<W l="1250" t="1929" r="1295" b="1943" x="14" y="67">other</W>
		<W l="1301" t="1929" r="1338" b="1943" x="15" y="67">than</W>
		<W l="1346" t="1933" r="1366" b="1943" x="16" y="67">as</W>
		<W l="1373" t="1931" r="1399" b="1943" x="17" y="67">set</W>
		<W l="1406" t="1931" r="1433" b="1943" x="18" y="67">out</W>
		<W l="1440" t="1929" r="1489" b="1943" x="19" y="67">below</W>
		<W l="1497" t="1929" r="1558" b="1943" x="20" y="67">exceed</W>
		<W l="1566" t="1929" r="1592" b="1943" x="21" y="67">the</W>
		<W l="1601" t="1931" r="1635" b="1943" x="22" y="67">cost</W>
		<W l="1643" t="1928" r="1660" b="1943" x="23" y="67">of</W>
		<W l="1665" t="1933" r="1697" b="1947" x="24" y="67">any</W>
		<W l="1703" t="1928" r="1770" b="1943" x="25" y="67">Product</W>
		<W l="1778" t="1928" r="1867" b="1947" x="26" y="67">purchased</W>
		<W l="1876" t="1930" r="1891" b="1943" x="27" y="67">to</W>
		<W l="1898" t="1928" r="1947" b="1942" x="28" y="67">which</W>
		<W l="1954" t="1928" r="1980" b="1942" x="29" y="67">the</W>
		<W l="1989" t="1928" r="2033" b="1942" x="30" y="67">daim</W>
	</L><L l="529" t="1951" b="1971" r="2033" i="68"><W l="529" t="1951" r="590" b="1968" x="1" y="68">relates,</W>
		<W l="602" t="1951" r="699" b="1965" x="2" y="68">determined</W>
		<W l="711" t="1951" r="732" b="1970" x="3" y="68">by</W>
		<W l="741" t="1951" r="767" b="1966" x="4" y="68">the</W>
		<W l="779" t="1954" r="805" b="1966" x="5" y="68">net</W>
		<W l="816" t="1952" r="857" b="1971" x="6" y="68">price</W>
		<W l="868" t="1952" r="938" b="1966" x="7" y="68">invoiced</W>
		<W l="950" t="1953" r="965" b="1966" x="8" y="68">to</W>
		<W l="977" t="1952" r="1065" b="1966" x="9" y="68">Purchaser</W>
		<W l="1074" t="1951" r="1098" b="1966" x="10" y="68">for</W>
		<W l="1108" t="1952" r="1148" b="1966" x="11" y="68">such</W>
		<W l="1160" t="1952" r="1239" b="1966" x="12" y="68">Products.</W>
		<W l="1251" t="1952" r="1289" b="1966" x="13" y="68">THE</W>
		<W l="1301" t="1951" r="1384" b="1966" x="14" y="68">PARTIES</W>
		<W l="1395" t="1952" r="1457" b="1966" x="15" y="68">SHALL</W>
		<W l="1467" t="1951" r="1558" b="1966" x="16" y="68">WITHOUT</W>
		<W l="1569" t="1951" r="1677" b="1966" x="17" y="68">LIMITATION</W>
		<W l="1688" t="1951" r="1767" b="1966" x="18" y="68">ACCEPT</W>
		<W l="1778" t="1951" r="1867" b="1966" x="19" y="68">LIABILITY</W>
		<W l="1878" t="1951" r="1918" b="1966" x="20" y="68">FOR</W>
		<W l="1929" t="1951" r="1993" b="1966" x="21" y="68">DEATH</W>
		<W l="2005" t="1951" r="2033" b="1965" x="22" y="68">OR</W>
	</L><L l="529" t="1973" b="1989" r="1311" i="69"><W l="529" t="1973" r="634" b="1988" x="1" y="69">PERSONAL</W>
		<W l="641" t="1973" r="711" b="1988" x="2" y="69">INJURY</W>
		<W l="718" t="1973" r="797" b="1989" x="3" y="69">CAUSED</W>
		<W l="805" t="1974" r="830" b="1989" x="4" y="69">BY</W>
		<W l="836" t="1974" r="894" b="1989" x="5" y="69">THEIR</W>
		<W l="901" t="1974" r="1027" b="1989" x="6" y="69">NEGLIGENCE</W>
		<W l="1034" t="1974" r="1062" b="1989" x="7" y="69">OR</W>
		<W l="1069" t="1974" r="1094" b="1989" x="8" y="69">AS</W>
		<W l="1101" t="1974" r="1226" b="1989" x="9" y="69">PRESCRIBED</W>
		<W l="1234" t="1974" r="1259" b="1989" x="10" y="69">BY</W>
		<W l="1266" t="1974" r="1311" b="1989" x="11" y="69">LAW.</W>
	</L><L l="428" t="1995" b="2015" r="2033" i="70"><W l="428" t="1996" r="454" b="2010" x="1" y="70">6.2</W>
		<W l="529" t="1995" r="588" b="2014" x="2" y="70">Except</W>
		<W l="595" t="2000" r="615" b="2010" x="3" y="70">as</W>
		<W l="622" t="1996" r="705" b="2014" x="4" y="70">expressly</W>
		<W l="712" t="1996" r="763" b="2010" x="5" y="70">stated</W>
		<W l="771" t="1997" r="854" b="2011" x="6" y="70">otherwise</W>
		<W l="863" t="1997" r="920" b="2013" x="7" y="70">herein,</W>
		<W l="929" t="1997" r="943" b="2011" x="8" y="70">in</W>
		<W l="951" t="2001" r="971" b="2011" x="9" y="70">no</W>
		<W l="978" t="1998" r="1025" b="2011" x="10" y="70">event</W>
		<W l="1032" t="1997" r="1071" b="2011" x="11" y="70">shall</W>
		<W l="1079" t="1996" r="1129" b="2011" x="12" y="70">either</W>
		<W l="1136" t="1998" r="1179" b="2015" x="13" y="70">party</W>
		<W l="1186" t="1997" r="1206" b="2011" x="14" y="70">be</W>
		<W l="1214" t="1996" r="1257" b="2011" x="15" y="70">liable</W>
		<W l="1265" t="1996" r="1289" b="2011" x="16" y="70">for</W>
		<W l="1295" t="1996" r="1358" b="2011" x="17" y="70">indirect</W>
		<W l="1365" t="2000" r="1383" b="2011" x="18" y="70">or</W>
		<W l="1389" t="1996" r="1449" b="2014" x="19" y="70">special</W>
		<W l="1457" t="1996" r="1537" b="2015" x="20" y="70">damages</W>
		<W l="1543" t="1995" r="1560" b="2010" x="21" y="70">of</W>
		<W l="1567" t="2000" r="1598" b="2014" x="22" y="70">any</W>
		<W l="1605" t="1998" r="1664" b="2013" x="23" y="70">nature,</W>
		<W l="1672" t="1996" r="1753" b="2014" x="24" y="70">including,</W>
		<W l="1761" t="1996" r="1823" b="2010" x="25" y="70">without</W>
		<W l="1831" t="1995" r="1911" b="2012" x="26" y="70">limitation,</W>
		<W l="1921" t="1996" r="1949" b="2010" x="27" y="70">lost</W>
		<W l="1957" t="1995" r="2033" b="2010" x="28" y="70">business</W>
	</L><L l="529" t="2017" b="2038" r="2034" i="71"><W l="529" t="2022" r="598" b="2033" x="1" y="71">revenue</W>
		<W l="605" t="2022" r="623" b="2033" x="2" y="71">or</W>
		<W l="628" t="2018" r="698" b="2037" x="3" y="71">goodwill</W>
		<W l="705" t="2022" r="747" b="2033" x="4" y="71">even</W>
		<W l="755" t="2018" r="764" b="2033" x="5" y="71">if</W>
		<W l="768" t="2019" r="835" b="2034" x="6" y="71">advised</W>
		<W l="842" t="2019" r="860" b="2034" x="7" y="71">of</W>
		<W l="865" t="2019" r="891" b="2034" x="8" y="71">the</W>
		<W l="899" t="2019" r="983" b="2038" x="9" y="71">possibility</W>
		<W l="989" t="2019" r="1005" b="2034" x="10" y="71">of</W>
		<W l="1011" t="2019" r="1037" b="2034" x="11" y="71">the</W>
		<W l="1044" t="2023" r="1095" b="2034" x="12" y="71">same.</W>
		<W l="1103" t="2019" r="1135" b="2034" x="13" y="71">The</W>
		<W l="1143" t="2019" r="1223" b="2034" x="14" y="71">remedies</W>
		<W l="1229" t="2021" r="1255" b="2034" x="15" y="71">set</W>
		<W l="1261" t="2021" r="1288" b="2034" x="16" y="71">out</W>
		<W l="1295" t="2019" r="1309" b="2033" x="17" y="71">in</W>
		<W l="1316" t="2019" r="1363" b="2033" x="18" y="71">these</W>
		<W l="1370" t="2021" r="1418" b="2033" x="19" y="71">terms</W>
		<W l="1425" t="2019" r="1463" b="2033" x="20" y="71">shall</W>
		<W l="1471" t="2018" r="1491" b="2033" x="21" y="71">be</W>
		<W l="1498" t="2019" r="1540" b="2033" x="22" y="71">each</W>
		<W l="1548" t="2018" r="1604" b="2038" x="23" y="71">party's</W>
		<W l="1611" t="2018" r="1645" b="2033" x="24" y="71">sole</W>
		<W l="1652" t="2018" r="1684" b="2033" x="25" y="71">and</W>
		<W l="1691" t="2018" r="1770" b="2033" x="26" y="71">exdusive</W>
		<W l="1778" t="2018" r="1844" b="2037" x="27" y="71">remedy</W>
		<W l="1849" t="2017" r="1872" b="2033" x="28" y="71">for</W>
		<W l="1878" t="2022" r="1910" b="2037" x="29" y="71">any</W>
		<W l="1916" t="2018" r="1974" b="2033" x="30" y="71">breach</W>
		<W l="1981" t="2017" r="1998" b="2033" x="31" y="71">of</W>
		<W l="2004" t="2018" r="2034" b="2033" x="32" y="71">this</W>
	</L><L l="528" t="2041" b="2061" r="784" i="72"><W l="528" t="2043" r="622" b="2060" x="1" y="72">agreement</W>
		<W l="629" t="2041" r="648" b="2060" x="2" y="72">by</W>
		<W l="653" t="2041" r="679" b="2055" x="3" y="72">the</W>
		<W l="687" t="2041" r="732" b="2055" x="4" y="72">other</W>
		<W l="738" t="2043" r="784" b="2061" x="5" y="72">party.</W>
	</L><L l="428" t="2086" b="2101" r="590" i="73"><W l="428" t="2086" r="443" b="2101" x="1" y="73">7.</W>
		<W l="479" t="2086" r="555" b="2101" x="2" y="73">Relevant</W>
		<W l="562" t="2086" r="590" b="2101" x="3" y="73">law</W>
	</L><L l="428" t="2130" b="2150" r="2034" i="74"><W l="428" t="2132" r="451" b="2146" x="1" y="74">7.1</W>
		<W l="528" t="2131" r="564" b="2145" x="2" y="74">This</W>
		<W l="571" t="2131" r="667" b="2150" x="3" y="74">Agreement</W>
		<W l="673" t="2131" r="713" b="2145" x="4" y="74">shall</W>
		<W l="721" t="2131" r="740" b="2145" x="5" y="74">be</W>
		<W l="748" t="2132" r="828" b="2150" x="6" y="74">governed</W>
		<W l="836" t="2132" r="856" b="2150" x="7" y="74">by</W>
		<W l="862" t="2132" r="893" b="2146" x="8" y="74">and</W>
		<W l="901" t="2132" r="985" b="2146" x="9" y="74">construed</W>
		<W l="993" t="2132" r="1007" b="2146" x="10" y="74">in</W>
		<W l="1014" t="2132" r="1114" b="2146" x="11" y="74">accordance</W>
		<W l="1121" t="2132" r="1155" b="2146" x="12" y="74">with</W>
		<W l="1162" t="2132" r="1188" b="2146" x="13" y="74">the</W>
		<W l="1196" t="2132" r="1233" b="2146" x="14" y="74">laws</W>
		<W l="1240" t="2131" r="1257" b="2146" x="15" y="74">of</W>
		<W l="1263" t="2132" r="1289" b="2146" x="16" y="74">the</W>
		<W l="1297" t="2134" r="1361" b="2150" x="17" y="74">country</W>
		<W l="1367" t="2131" r="1381" b="2146" x="18" y="74">in</W>
		<W l="1388" t="2131" r="1438" b="2146" x="19" y="74">which</W>
		<W l="1445" t="2131" r="1470" b="2146" x="20" y="74">the</W>
		<W l="1478" t="2131" r="1567" b="2145" x="21" y="74">Purchaser</W>
		<W l="1574" t="2131" r="1587" b="2145" x="22" y="74">is</W>
		<W l="1594" t="2131" r="1655" b="2145" x="23" y="74">located</W>
		<W l="1663" t="2131" r="1693" b="2145" x="24" y="74">and</W>
		<W l="1701" t="2131" r="1727" b="2145" x="25" y="74">the</W>
		<W l="1735" t="2131" r="1793" b="2149" x="26" y="74">parties</W>
		<W l="1800" t="2131" r="1857" b="2145" x="27" y="74">submit</W>
		<W l="1863" t="2133" r="1879" b="2145" x="28" y="74">to</W>
		<W l="1886" t="2131" r="1912" b="2145" x="29" y="74">the</W>
		<W l="1919" t="2130" r="2011" b="2149" x="30" y="74">jurisdiction</W>
		<W l="2017" t="2130" r="2034" b="2145" x="31" y="74">of</W>
	</L><L l="527" t="2153" b="2172" r="757" i="75"><W l="527" t="2153" r="554" b="2168" x="1" y="75">the</W>
		<W l="561" t="2155" r="614" b="2168" x="2" y="75">courts</W>
		<W l="620" t="2153" r="637" b="2168" x="3" y="75">of</W>
		<W l="641" t="2153" r="682" b="2168" x="4" y="75">such</W>
		<W l="689" t="2155" r="757" b="2172" x="5" y="75">country.</W>
	</L><L l="428" t="2198" b="2217" r="603" i="76"><W l="428" t="2199" r="442" b="2213" x="1" y="76">8.</W>
		<W l="479" t="2198" r="526" b="2213" x="2" y="76">Force</W>
		<W l="534" t="2198" r="603" b="2217" x="3" y="76">Majeure</W>
	</L><L l="428" t="2243" b="2263" r="1708" i="77"><W l="428" t="2244" r="451" b="2258" x="1" y="77">8.1</W>
		<W l="528" t="2243" r="591" b="2258" x="2" y="77">Neither</W>
		<W l="597" t="2245" r="640" b="2262" x="3" y="77">party</W>
		<W l="645" t="2244" r="672" b="2258" x="4" y="77">will</W>
		<W l="680" t="2244" r="699" b="2258" x="5" y="77">be</W>
		<W l="707" t="2244" r="804" b="2261" x="6" y="77">responsible</W>
		<W l="811" t="2244" r="835" b="2259" x="7" y="77">for</W>
		<W l="840" t="2248" r="871" b="2263" x="8" y="77">any</W>
		<W l="877" t="2244" r="929" b="2259" x="9" y="77">failure</W>
		<W l="936" t="2246" r="951" b="2259" x="10" y="77">to</W>
		<W l="959" t="2244" r="1024" b="2262" x="11" y="77">perform</W>
		<W l="1031" t="2244" r="1082" b="2262" x="12" y="77">(other</W>
		<W l="1087" t="2244" r="1125" b="2259" x="13" y="77">than</W>
		<W l="1131" t="2244" r="1157" b="2259" x="14" y="77">the</W>
		<W l="1165" t="2246" r="1238" b="2263" x="15" y="77">payment</W>
		<W l="1244" t="2243" r="1261" b="2258" x="16" y="77">of</W>
		<W l="1267" t="2244" r="1331" b="2262" x="17" y="77">money)</W>
		<W l="1337" t="2244" r="1369" b="2258" x="18" y="77">due</W>
		<W l="1376" t="2246" r="1391" b="2258" x="19" y="77">to</W>
		<W l="1398" t="2247" r="1459" b="2258" x="20" y="77">causes</W>
		<W l="1466" t="2243" r="1528" b="2262" x="21" y="77">beyond</W>
		<W l="1535" t="2243" r="1575" b="2258" x="22" y="77">such</W>
		<W l="1583" t="2243" r="1639" b="2262" x="23" y="77">party’s</W>
		<W l="1646" t="2243" r="1708" b="2258" x="24" y="77">control.</W>
	</L></CCO>
