<?xml version="1.0"?>
<CCO path="c:\datacap\aptiqc\batches\20190521.000007\TM000001.cco">
	<L l="278" t="136" b="174" r="845" i="1"><W l="278" t="136" r="381" b="174" x="1" y="1">Apple</W>
		<W l="392" t="136" r="604" b="166" x="2" y="1">Distribution</W>
		<W l="616" t="136" r="845" b="166" x="3" y="1">International</W>
	</L><L l="1616" t="173" b="201" r="1930" i="2"><W l="1616" t="173" r="1742" b="201" x="1" y="20">Invoice</W>
		<W l="1755" t="178" r="1930" b="201" x="2" y="20">4531319562</W>
	</L><L l="279" t="226" b="255" r="604" i="3"><W l="279" t="226" r="383" b="255" x="1" y="2">Hollyhill</W>
		<W l="394" t="226" r="515" b="249" x="2" y="2">Industrial</W>
		<W l="526" t="227" r="604" b="249" x="3" y="2">Estate</W>
	</L><L l="279" t="263" b="293" r="460" i="4"><W l="279" t="263" r="390" b="293" x="1" y="3">Hollyhill,</W>
		<W l="399" t="264" r="460" b="287" x="2" y="3">Cork</W>
	</L><L l="279" t="301" b="325" r="367" i="5"><W l="279" t="301" r="367" b="325" x="1" y="4">Ireland</W>
	</L><L l="1766" t="382" b="405" r="1888" i="6"><W l="1766" t="382" r="1818" b="405" x="1" y="21">Due</W>
		<W l="1828" t="382" r="1888" b="405" x="2" y="21">Date</W>
	</L><L l="1765" t="421" b="444" r="1907" i="7"><W l="1765" t="421" r="1907" b="444" x="1" y="22">05.05.2016</W>
	</L><L l="278" t="501" b="524" r="592" i="8"><W l="278" t="501" r="330" b="524" x="1" y="5">VAT</W>
		<W l="339" t="501" r="380" b="524" x="2" y="5">No.</W>
		<W l="391" t="501" r="592" b="524" x="3" y="5">IT00146089990</W>
	</L><L l="1765" t="525" b="548" r="1990" i="9"><W l="1765" t="526" r="1875" b="548" x="1" y="23">Account</W>
		<W l="1885" t="525" r="1990" b="548" x="2" y="23">Number</W>
	</L><L l="275" t="559" b="591" r="1877" i="10"><W l="275" t="562" r="331" b="591" x="1" y="6">Ship</W>
		<W l="339" t="562" r="371" b="585" x="2" y="6">To</W>
		<W l="393" t="563" r="503" b="585" x="3" y="6">1044493</W>
		<W l="1008" t="559" r="1046" b="583" x="1" y="13">Bill</W>
		<W l="1055" t="559" r="1089" b="583" x="2" y="13">To</W>
		<W l="1767" t="564" r="1877" b="587" x="1" y="24">!044493</W>
	</L><L l="392" t="609" b="639" r="1588" i="11"><W l="392" t="610" r="439" b="633" x="1" y="7">IBM</W>
		<W l="450" t="609" r="559" b="639" x="2" y="7">Portugal</W>
		<W l="1108" t="610" r="1278" b="634" x="1" y="14">COMPANHIA</W>
		<W l="1288" t="610" r="1334" b="633" x="2" y="14">IBM</W>
		<W l="1345" t="610" r="1533" b="636" x="3" y="14">PORTUGUESA,</W>
		<W l="1542" t="610" r="1588" b="633" x="4" y="14">SA</W>
	</L><L l="391" t="656" b="684" r="1446" i="12"><W l="391" t="657" r="525" b="681" x="1" y="8">Alexandre</W>
		<W l="534" t="656" r="620" b="684" x="2" y="8">(GÜ)GII</W>
		<W l="1110" t="658" r="1223" b="681" x="1" y="15">EDIFICIO</W>
		<W l="1231" t="658" r="1324" b="681" x="2" y="15">OFFICE</W>
		<W l="1332" t="657" r="1446" b="681" x="3" y="15">ORIENTE</W>
	</L><L l="1765" t="681" b="704" r="1968" i="13"><W l="1765" t="681" r="1893" b="704" x="1" y="25">Customer</W>
		<W l="1900" t="681" r="1968" b="704" x="2" y="25">VAT#</W>
	</L><L l="393" t="705" b="743" r="1938" i="14"><W l="393" t="706" r="439" b="729" x="1" y="9">Rua</W>
		<W l="448" t="705" r="482" b="729" x="2" y="9">do</W>
		<W l="491" t="706" r="540" b="728" x="3" y="9">Mar</W>
		<W l="549" t="705" r="580" b="728" x="4" y="9">da</W>
		<W l="589" t="705" r="670" b="732" x="5" y="9">China,</W>
		<W l="681" t="707" r="710" b="730" x="6" y="9">Lt.</W>
		<W l="721" t="707" r="816" b="729" x="7" y="9">1.07.2.3</W>
		<W l="1110" t="707" r="1164" b="729" x="1" y="16">RUA</W>
		<W l="1174" t="706" r="1214" b="729" x="2" y="16">DO</W>
		<W l="1223" t="706" r="1283" b="729" x="3" y="16">MAR</W>
		<W l="1292" t="706" r="1330" b="728" x="4" y="16">DA</W>
		<W l="1339" t="706" r="1430" b="732" x="5" y="16">CHINA,</W>
		<W l="1441" t="706" r="1506" b="729" x="6" y="16">LOTE</W>
		<W l="1517" t="706" r="1603" b="729" x="7" y="16">1.07.2.:</W>
		<W l="1766" t="720" r="1938" b="743" x="1" y="26">PT500068801</W>
	</L><L l="392" t="753" b="777" r="1204" i="15"><W l="392" t="753" r="475" b="777" x="1" y="10">Lisboa</W>
		<W l="1110" t="754" r="1204" b="777" x="1" y="17">LISBOA</W>
	</L><L l="393" t="802" b="825" r="1230" i="16"><W l="393" t="802" r="513" b="825" x="1" y="11">1990-138</W>
		<W l="1111" t="802" r="1230" b="825" x="1" y="18">1990-138</W>
	</L><L l="1766" t="818" b="848" r="2017" i="17"><W l="1766" t="818" r="1873" b="848" x="1" y="27">Delivery</W>
		<W l="1882" t="818" r="2017" b="843" x="2" y="27">Note/Date</W>
	</L><L l="391" t="848" b="881" r="2081" i="18"><W l="391" t="848" r="501" b="879" x="1" y="12">Portugal</W>
		<W l="1109" t="849" r="1219" b="880" x="1" y="19">Portugal</W>
		<W l="1765" t="857" r="2081" b="881" x="1" y="28">8765162364/04.04.2016</W>
	</L><L l="241" t="1078" b="1100" r="2130" i="19"><W l="241" t="1078" r="320" b="1098" x="1" y="29">ORDER</W>
		<W l="329" t="1078" r="389" b="1098" x="2" y="29">DATE</W>
		<W l="526" t="1078" r="596" b="1098" x="1" y="31">SALES</W>
		<W l="605" t="1079" r="636" b="1098" x="2" y="31">NR</W>
		<W l="706" t="1079" r="836" b="1099" x="1" y="33">CUSTOMER</W>
		<W l="843" t="1079" r="924" b="1099" x="2" y="33">ORDER</W>
		<W l="932" t="1080" r="968" b="1099" x="3" y="33">NR.</W>
		<W l="1063" t="1080" r="1135" b="1100" x="1" y="35">APPLE</W>
		<W l="1142" t="1080" r="1223" b="1099" x="2" y="35">ORDER</W>
		<W l="1230" t="1080" r="1267" b="1099" x="3" y="35">NR.</W>
		<W l="1421" t="1079" r="1535" b="1099" x="1" y="37">PAYMENT</W>
		<W l="1540" t="1079" r="1618" b="1099" x="2" y="37">TERMS</W>
		<W l="2029" t="1079" r="2090" b="1099" x="1" y="39">PAGE</W>
		<W l="2099" t="1080" r="2130" b="1099" x="2" y="39">NR</W>
	</L><L l="309" t="1109" b="1137" r="2108" i="20"><W l="309" t="1112" r="433" b="1131" x="1" y="30">04.04.2016</W>
		<W l="575" t="1112" r="631" b="1132" x="1" y="32">0310</W>
		<W l="812" t="1113" r="927" b="1133" x="1" y="34">E6ZHFH01</W>
		<W l="1159" t="1114" r="1299" b="1133" x="1" y="36">2631098410</W>
		<W l="1644" t="1113" r="1684" b="1133" x="1" y="38">Net</W>
		<W l="1691" t="1114" r="1717" b="1133" x="2" y="38">30</W>
		<W l="1726" t="1113" r="1780" b="1137" x="3" y="38">Days</W>
		<W l="2042" t="1109" r="2108" b="1136" x="1" y="40">1/2</W>
	</L><L l="2094" t="1176" b="1196" r="2139" i="21"><W l="2094" t="1176" r="2139" b="1196" x="1" y="45">Tax</W>
	</L><L l="255" t="1194" b="1231" r="2159" i="22"><W l="255" t="1195" r="308" b="1215" x="1" y="41">Item</W>
		<W l="348" t="1196" r="363" b="1215" x="2" y="41">C</W>
		<W l="421" t="1194" r="521" b="1216" x="3" y="41">Material</W>
		<W l="639" t="1197" r="780" b="1223" x="4" y="41">Description</W>
		<W l="1262" t="1197" r="1371" b="1223" x="1" y="42">Quantity</W>
		<W l="1514" t="1197" r="1574" b="1217" x="1" y="43">Price</W>
		<W l="1635" t="1197" r="1694" b="1217" x="2" y="43">Price</W>
		<W l="1702" t="1197" r="1754" b="1217" x="3" y="43">Unit</W>
		<W l="1873" t="1195" r="1943" b="1217" x="1" y="44">Value</W>
		<W l="2075" t="1210" r="2129" b="1231" x="1" y="46">Rate</W>
		<W l="2136" t="1212" r="2159" b="1231" x="2" y="46">%</W>
	</L><L l="411" t="1275" b="1302" r="1108" i="23"><W l="411" t="1276" r="482" b="1296" x="1" y="47">Terms</W>
		<W l="490" t="1275" r="514" b="1296" x="2" y="47">of</W>
		<W l="520" t="1275" r="746" b="1300" x="3" y="47">Delivery/Incoterms:</W>
		<W l="753" t="1277" r="788" b="1297" x="4" y="47">CIP</W>
		<W l="796" t="1277" r="898" b="1302" x="5" y="47">Carriage,</W>
		<W l="906" t="1277" r="1016" b="1297" x="6" y="47">Insurance</W>
		<W l="1024" t="1277" r="1072" b="1297" x="7" y="47">Paid</W>
		<W l="1079" t="1278" r="1108" b="1297" x="8" y="47">To</W>
	</L><L l="241" t="1345" b="1372" r="675" i="24"><W l="241" t="1346" r="315" b="1366" x="1" y="48">ILINKA</W>
		<W l="324" t="1345" r="675" b="1372" x="2" y="48">RAYNOVA,...״,agil@pt.ibm.com</W>
	</L><L l="254" t="1445" b="1469" r="2043" i="25"><W l="254" t="1445" r="308" b="1465" x="1" y="49">0010</W>
		<W l="420" t="1445" r="537" b="1467" x="2" y="49">MB572Z/B</W>
		<W l="635" t="1447" r="686" b="1467" x="3" y="49">MINI</W>
		<W l="707" t="1447" r="868" b="1467" x="4" y="49">DISPLAYPORT</W>
		<W l="885" t="1447" r="917" b="1467" x="5" y="49">TO</W>
		<W l="936" t="1447" r="986" b="1467" x="6" y="49">VGA</W>
		<W l="1287" t="1448" r="1294" b="1467" x="1" y="66">1</W>
		<W l="1313" t="1447" r="1355" b="1467" x="2" y="66">PCE</W>
		<W l="1464" t="1448" r="1526" b="1469" x="3" y="66">26,00</W>
		<W l="1534" t="1447" r="1579" b="1467" x="4" y="66">EUR</W>
		<W l="1629" t="1448" r="1636" b="1467" x="5" y="66">1</W>
		<W l="1649" t="1447" r="1677" b="1467" x="6" y="66">EA</W>
		<W l="1981" t="1447" r="2043" b="1469" x="1" y="72">26,00</W>
	</L><L l="634" t="1480" b="1501" r="791" i="26"><W l="634" t="1480" r="791" b="1501" x="1" y="50">ADAPTER-INT</W>
	</L><L l="251" t="1511" b="1532" r="440" i="27"><W l="251" t="1512" r="282" b="1531" x="1" y="51">PO</W>
		<W l="289" t="1511" r="340" b="1532" x="2" y="51">Item</W>
		<W l="360" t="1513" r="440" b="1532" x="3" y="51">000001</W>
	</L><L l="246" t="1547" b="1573" r="491" i="28"><W l="246" t="1548" r="338" b="1573" x="1" y="52">Country</W>
		<W l="345" t="1547" r="369" b="1567" x="2" y="52">of</W>
		<W l="375" t="1548" r="451" b="1573" x="3" y="52">Origin:</W>
		<W l="459" t="1548" r="491" b="1568" x="4" y="52">CN</W>
	</L><L l="906" t="1590" b="1613" r="2145" i="29"><W l="906" t="1590" r="946" b="1610" x="1" y="53">Net</W>
		<W l="954" t="1591" r="1007" b="1610" x="2" y="53">Price</W>
		<W l="1464" t="1591" r="1526" b="1612" x="1" y="67">26,00</W>
		<W l="1534" t="1590" r="1579" b="1609" x="2" y="67">EUR</W>
		<W l="1629" t="1591" r="1636" b="1609" x="3" y="67">1</W>
		<W l="1648" t="1590" r="1677" b="1609" x="4" y="67">EA</W>
		<W l="1981" t="1590" r="2043" b="1612" x="1" y="73">26,00</W>
		<W l="2097" t="1591" r="2145" b="1613" x="2" y="73">0,00</W>
	</L><L l="572" t="1631" b="1652" r="1035" i="30"><W l="572" t="1631" r="685" b="1652" x="1" y="54">Customer</W>
		<W l="693" t="1631" r="784" b="1652" x="2" y="54">Material</W>
		<W l="793" t="1631" r="887" b="1652" x="3" y="54">Number</W>
		<W l="896" t="1633" r="1035" b="1652" x="4" y="54">1000438022</W>
	</L><L l="253" t="1720" b="1744" r="2043" i="31"><W l="253" t="1720" r="308" b="1740" x="1" y="55">0020</W>
		<W l="419" t="1720" r="563" b="1741" x="2" y="55">MC704ZM/A</W>
		<W l="634" t="1721" r="706" b="1741" x="3" y="55">APPLE</W>
		<W l="716" t="1721" r="759" b="1742" x="4" y="55">USB</W>
		<W l="769" t="1721" r="889" b="1741" x="5" y="55">ETHERNET</W>
		<W l="896" t="1721" r="1005" b="1741" x="6" y="55">ADAPTER</W>
		<W l="1287" t="1722" r="1293" b="1741" x="1" y="68">1</W>
		<W l="1312" t="1721" r="1355" b="1741" x="2" y="68">PCE</W>
		<W l="1464" t="1722" r="1525" b="1744" x="3" y="68">26,00</W>
		<W l="1534" t="1721" r="1579" b="1741" x="4" y="68">EUR</W>
		<W l="1629" t="1722" r="1635" b="1741" x="5" y="68">1</W>
		<W l="1648" t="1721" r="1677" b="1741" x="6" y="68">EA</W>
		<W l="1981" t="1721" r="2043" b="1744" x="1" y="74">26,00</W>
	</L><L l="633" t="1755" b="1775" r="698" i="32"><W l="633" t="1755" r="698" b="1775" x="1" y="56">-ZML</W>
	</L><L l="250" t="1786" b="1807" r="443" i="33"><W l="250" t="1787" r="281" b="1806" x="1" y="57">PO</W>
		<W l="289" t="1786" r="339" b="1807" x="2" y="57">Item</W>
		<W l="359" t="1787" r="443" b="1807" x="3" y="57">000002</W>
	</L><L l="245" t="1821" b="1847" r="490" i="34"><W l="245" t="1822" r="337" b="1847" x="1" y="58">Country</W>
		<W l="345" t="1821" r="368" b="1842" x="2" y="58">of</W>
		<W l="374" t="1822" r="451" b="1847" x="3" y="58">Origin:</W>
		<W l="458" t="1822" r="490" b="1842" x="4" y="58">CN</W>
	</L><L l="906" t="1864" b="1887" r="2144" i="35"><W l="906" t="1865" r="945" b="1885" x="1" y="59">Net</W>
		<W l="953" t="1865" r="1007" b="1885" x="2" y="59">Price</W>
		<W l="1464" t="1865" r="1525" b="1887" x="1" y="69">26,00</W>
		<W l="1534" t="1864" r="1579" b="1884" x="2" y="69">EUR</W>
		<W l="1629" t="1865" r="1635" b="1884" x="3" y="69">1</W>
		<W l="1648" t="1864" r="1676" b="1884" x="4" y="69">EA</W>
		<W l="1981" t="1864" r="2042" b="1886" x="1" y="75">26,00</W>
		<W l="2097" t="1866" r="2144" b="1887" x="2" y="75">0,00</W>
	</L><L l="572" t="1905" b="1926" r="1035" i="36"><W l="572" t="1906" r="685" b="1926" x="1" y="60">Customer</W>
		<W l="692" t="1905" r="783" b="1926" x="2" y="60">Material</W>
		<W l="792" t="1905" r="887" b="1926" x="3" y="60">Number</W>
		<W l="895" t="1907" r="1035" b="1926" x="4" y="60">1000438022</W>
	</L><L l="253" t="1996" b="2019" r="2042" i="37"><W l="253" t="1996" r="308" b="2015" x="1" y="61">0030</W>
		<W l="419" t="1996" r="560" b="2017" x="2" y="61">MB112ZM/C</W>
		<W l="633" t="1997" r="706" b="2016" x="3" y="61">APPLE</W>
		<W l="714" t="1997" r="858" b="2016" x="4" y="61">MOUSE-ZML</W>
		<W l="1287" t="1997" r="1293" b="2016" x="1" y="70">1</W>
		<W l="1312" t="1996" r="1354" b="2016" x="2" y="70">PCE</W>
		<W l="1463" t="1997" r="1525" b="2019" x="3" y="70">43,00</W>
		<W l="1534" t="1996" r="1579" b="2016" x="4" y="70">EUR</W>
		<W l="1629" t="1997" r="1635" b="2016" x="5" y="70">1</W>
		<W l="1648" t="1996" r="1676" b="2016" x="6" y="70">EA</W>
		<W l="1980" t="1996" r="2042" b="2018" x="1" y="76">43,00</W>
	</L><L l="250" t="2028" b="2049" r="443" i="38"><W l="250" t="2029" r="281" b="2048" x="1" y="62">PO</W>
		<W l="289" t="2028" r="339" b="2049" x="2" y="62">Item</W>
		<W l="359" t="2029" r="443" b="2048" x="3" y="62">000003</W>
	</L><L l="245" t="2063" b="2090" r="490" i="39"><W l="245" t="2064" r="337" b="2090" x="1" y="63">Country</W>
		<W l="344" t="2063" r="368" b="2084" x="2" y="63">of</W>
		<W l="374" t="2064" r="451" b="2090" x="3" y="63">Origin:</W>
		<W l="458" t="2064" r="490" b="2084" x="4" y="63">CN</W>
	</L><L l="905" t="2106" b="2129" r="2144" i="40"><W l="905" t="2107" r="945" b="2126" x="1" y="64">Net</W>
		<W l="953" t="2107" r="1007" b="2126" x="2" y="64">Price</W>
		<W l="1463" t="2107" r="1525" b="2128" x="1" y="71">43,00</W>
		<W l="1534" t="2106" r="1579" b="2125" x="2" y="71">EUR</W>
		<W l="1628" t="2106" r="1635" b="2125" x="3" y="71">1</W>
		<W l="1648" t="2106" r="1676" b="2125" x="4" y="71">EA</W>
		<W l="1980" t="2106" r="2042" b="2128" x="1" y="77">43,00</W>
		<W l="2096" t="2107" r="2144" b="2129" x="2" y="77">0,00</W>
	</L><L l="571" t="2147" b="2169" r="1034" i="41"><W l="571" t="2149" r="684" b="2168" x="1" y="65">Customer</W>
		<W l="692" t="2147" r="783" b="2169" x="2" y="65">Material</W>
		<W l="792" t="2147" r="886" b="2168" x="3" y="65">Number</W>
		<W l="895" t="2149" r="1034" b="2168" x="4" y="65">1000438022</W>
	</L><L l="791" t="2217" b="2243" r="2042" i="42"><W l="791" t="2219" r="853" b="2239" x="1" y="78">Items</W>
		<W l="860" t="2218" r="917" b="2239" x="2" y="78">Total</W>
		<W l="927" t="2218" r="1037" b="2242" x="3" y="78">(w/oVAT)</W>
		<W l="1517" t="2218" r="1536" b="2238" x="1" y="79">In</W>
		<W l="1544" t="2218" r="1648" b="2243" x="2" y="79">Currency</W>
		<W l="1728" t="2217" r="1773" b="2237" x="3" y="79">EUR</W>
		<W l="1980" t="2218" r="2042" b="2240" x="1" y="89">95,00</W>
	</L><L l="1277" t="2299" b="2320" r="1647" i="43"><W l="1277" t="2300" r="1324" b="2320" x="1" y="81">VAT</W>
		<W l="1331" t="2300" r="1380" b="2320" x="2" y="81">Rate</W>
		<W l="1538" t="2299" r="1585" b="2319" x="1" y="83">VAT</W>
		<W l="1593" t="2300" r="1647" b="2319" x="2" y="83">Basis</W>
	</L><L l="789" t="2333" b="2356" r="2042" i="44"><W l="789" t="2334" r="836" b="2354" x="1" y="80">VAT</W>
		<W l="1278" t="2334" r="1325" b="2356" x="1" y="82">0,00</W>
		<W l="1586" t="2333" r="1648" b="2355" x="1" y="84">95,00</W>
		<W l="1994" t="2333" r="2042" b="2355" x="1" y="90">0,00</W>
	</L><L l="791" t="2401" b="2429" r="2042" i="45"><W l="791" t="2403" r="843" b="2424" x="1" y="85">Final</W>
		<W l="852" t="2404" r="946" b="2424" x="2" y="85">Amount</W>
		<W l="955" t="2404" r="1007" b="2428" x="3" y="85">(VAT</W>
		<W l="1014" t="2403" r="1121" b="2428" x="4" y="85">included)</W>
		<W l="1516" t="2403" r="1535" b="2423" x="1" y="88">In</W>
		<W l="1543" t="2403" r="1647" b="2429" x="2" y="88">Currency</W>
		<W l="1727" t="2401" r="1772" b="2423" x="3" y="88">EUR</W>
		<W l="1980" t="2403" r="2042" b="2425" x="1" y="91">95,00</W>
	</L><L l="237" t="2605" b="2626" r="791" i="46"><W l="237" t="2605" r="308" b="2625" x="1" y="86">APPLE</W>
		<W l="316" t="2605" r="380" b="2625" x="2" y="86">WEEE</W>
		<W l="388" t="2605" r="556" b="2626" x="3" y="86">REGISTRATION</W>
		<W l="565" t="2606" r="666" b="2626" x="4" y="86">NUMBER</W>
		<W l="674" t="2606" r="701" b="2626" x="5" y="86">PT</W>
		<W l="710" t="2606" r="791" b="2626" x="6" y="86">100017</W>
	</L><L l="236" t="2666" b="2694" r="1380" i="47"><W l="236" t="2668" r="283" b="2688" x="1" y="87">VAT</W>
		<W l="288" t="2670" r="312" b="2688" x="2" y="87">to</W>
		<W l="320" t="2667" r="347" b="2688" x="3" y="87">be</W>
		<W l="356" t="2666" r="476" b="2688" x="4" y="87">accounted</W>
		<W l="485" t="2667" r="516" b="2689" x="5" y="87">for</W>
		<W l="524" t="2668" r="551" b="2694" x="6" y="87">by</W>
		<W l="559" t="2667" r="673" b="2694" x="7" y="87">purchaser</W>
		<W l="681" t="2667" r="749" b="2689" x="8" y="87">under</W>
		<W l="755" t="2669" r="789" b="2689" x="9" y="87">Art</W>
		<W l="799" t="2669" r="838" b="2688" x="10" y="87">138</W>
		<W l="846" t="2667" r="870" b="2688" x="11" y="87">of</W>
		<W l="875" t="2667" r="912" b="2688" x="12" y="87">the</W>
		<W l="921" t="2669" r="1002" b="2688" x="13" y="87">Re-cast</W>
		<W l="1010" t="2668" r="1038" b="2688" x="14" y="87">EU</W>
		<W l="1047" t="2667" r="1084" b="2688" x="15" y="87">6th</W>
		<W l="1093" t="2669" r="1194" b="2688" x="16" y="87">Directive</W>
		<W l="1202" t="2668" r="1380" b="2690" x="17" y="87">C.D.91/680/EEC</W>
	</L><L l="1673" t="2843" b="2867" r="2318" i="48"><W l="1673" t="2843" r="2220" b="2867" x="1" y="92">*82200010024</W>
		<W l="2255" t="2847" r="2318" b="2867" x="2" y="92">1*</W>
	</L></CCO>
